subject,electrode,native_t1_x,native_t1_y,native_t1_z,freesurfer_tkr_x,freesurfer_tkr_y,freesurfer_tkr_z,chain,contact,coordinate_assumption,label_status,qc_status,label_dkt,label_destrieux
01,ACR1,16.134,56.354,-8.454,11.999814208984375,39.999649569790336,23.000326577913683,ACR,1,native_t1_scanner_ras_to_freesurfer_tkr_ras,provisional,not_reviewed,ctx-rh-rostralanteriorcingulate,ctx_rh_G_and_S_cingul-Ant
01,ACR2,16.134,56.354,-5.454,11.999814208984375,39.99964954970869,26.000326220285856,ACR,2,native_t1_scanner_ras_to_freesurfer_tkr_ras,provisional,not_reviewed,ctx-rh-rostralanteriorcingulate,ctx_rh_G_and_S_cingul-Ant
01,ACR3,17.134,56.354,-2.454,12.999814208984375,39.99964952217647,29.00032586265803,ACR,3,native_t1_scanner_ras_to_freesurfer_tkr_ras,provisional,not_reviewed,ctx-rh-rostralanteriorcingulate,ctx_rh_G_and_S_cingul-Ant
01,ACR4,18.134,56.354,1.546,13.999814208984375,39.999649487950364,33.00032538582093,ACR,4,native_t1_scanner_ras_to_freesurfer_tkr_ras,provisional,not_reviewed,ctx-rh-rostralanteriorcingulate,ctx_rh_G_and_S_cingul-Ant
01,ACR5,19.134,56.354,5.546,14.999814208984375,39.99964945372429,37.00032490898383,ACR,5,native_t1_scanner_ras_to_freesurfer_tkr_ras,provisional,not_reviewed,ctx-rh-rostralanteriorcingulate,ctx_rh_G_and_S_cingul-Ant
01,ACR6,19.134,56.354,9.546,14.999814208984375,39.999649426948764,41.000324432146726,ACR,6,native_t1_scanner_ras_to_freesurfer_tkr_ras,provisional,not_reviewed,ctx-rh-superiorfrontal,ctx_rh_G_and_S_cingul-Ant
01,ACR7,20.134,56.354,11.546,15.999814208984375,39.99964940611042,43.000324193728176,ACR,7,native_t1_scanner_ras_to_freesurfer_tkr_ras,provisional,not_reviewed,ctx-rh-superiorfrontal,ctx_rh_G_and_S_cingul-Ant
01,ACR8,21.134,56.354,15.546,16.999814208984375,39.999649371884345,47.000323716891074,ACR,8,native_t1_scanner_ras_to_freesurfer_tkr_ras,provisional,not_reviewed,ctx-rh-superiorfrontal,ctx_rh_G_and_S_cingul-Ant
01,ACR9,21.134,56.354,18.546,16.999814208984375,39.9996493518027,50.00032335926325,ACR,9,native_t1_scanner_ras_to_freesurfer_tkr_ras,provisional,not_reviewed,ctx-rh-superiorfrontal,ctx_rh_G_and_S_cingul-Ant
01,ACR10,22.134,56.354,22.546,17.999814208984375,39.9996493175766,54.00032288242615,ACR,10,native_t1_scanner_ras_to_freesurfer_tkr_ras,provisional,not_reviewed,ctx-rh-superiorfrontal,ctx_rh_S_front_sup
01,ACR11,22.134,56.354,25.546,17.999814208984375,39.999649297494955,57.00032252479832,ACR,11,native_t1_scanner_ras_to_freesurfer_tkr_ras,provisional,not_reviewed,ctx-rh-superiorfrontal,ctx_rh_S_front_sup
01,ACR12,23.134,56.354,29.546,18.999814208984375,39.99964926326885,61.00032204796122,ACR,12,native_t1_scanner_ras_to_freesurfer_tkr_ras,provisional,not_reviewed,ctx-rh-superiorfrontal,ctx_rh_G_front_sup
01,AHL1,-22.066,14.354,-32.854,-26.200185791015628,-2.0003449754773044,-1.3996702322370425,AHL,1,native_t1_scanner_ras_to_freesurfer_tkr_ras,provisional,not_reviewed,Left-Hippocampus,Left-Hippocampus
01,AHL2,-24.866,15.354,-32.621,-29.00018579101561,-1.0003450753846295,-1.166670266706717,AHL,2,native_t1_scanner_ras_to_freesurfer_tkr_ras,provisional,not_reviewed,Left-Hippocampus,Left-Hippocampus
01,AHL3,-30.58,17.212,-32.883,-34.71418579101561,0.8576547474509653,-1.4286702479111,AHL,3,native_t1_scanner_ras_to_freesurfer_tkr_ras,provisional,not_reviewed,Left-Hippocampus,Left-Hippocampus
01,AHL4,-36.466,18.554,-32.454,-40.60018579101563,2.199654628454539,-0.9996703080350642,AHL,4,native_t1_scanner_ras_to_freesurfer_tkr_ras,provisional,not_reviewed,ctx-lh-middletemporal,ctx_lh_S_temporal_sup
01,AHL5,-42.199,20.188,-32.621,-46.33318579101564,3.8336544774986407,-1.1666702990649185,AHL,5,native_t1_scanner_ras_to_freesurfer_tkr_ras,provisional,not_reviewed,ctx-lh-middletemporal,ctx_lh_S_temporal_sup
01,AHL6,-47.699,22.354,-32.454,-51.83318579101564,5.999654259151669,-0.999670333471812,AHL,6,native_t1_scanner_ras_to_freesurfer_tkr_ras,provisional,not_reviewed,ctx-lh-middletemporal,ctx_lh_G_temporal_middle
01,AHL7,-53.366,23.854,-31.954,-57.50018579101561,7.499654119213233,-0.49967040311724986,AHL,7,native_t1_scanner_ras_to_freesurfer_tkr_ras,provisional,not_reviewed,ctx-lh-middletemporal,ctx_lh_G_temporal_middle
01,AHL8,-59.366,25.354,-31.954,-63.50018579101561,8.99965398510281,-0.49967041315807137,AHL,8,native_t1_scanner_ras_to_freesurfer_tkr_ras,provisional,not_reviewed,ctx-lh-middletemporal,ctx_lh_G_temporal_middle
01,AHL9,-65.097,26.97,-31.762,-69.2311857910156,10.61565383387466,-0.30767044686356826,AHL,9,native_t1_scanner_ras_to_freesurfer_tkr_ras,provisional,not_reviewed,Unknown,Unknown
01,AHR1,26.134,15.354,-36.454,21.999814208984375,-1.000345429706556,-4.999669809777544,AHR,1,native_t1_scanner_ras_to_freesurfer_tkr_ras,provisional,not_reviewed,Right-Hippocampus,Right-Hippocampus
01,AHR2,28.134,15.354,-36.454,23.999814208984375,-1.0003454446077171,-4.999669809777544,AHR,2,native_t1_scanner_ras_to_freesurfer_tkr_ras,provisional,not_reviewed,Right-Hippocampus,Right-Hippocampus
01,AHR3,34.634,14.354,-34.954,30.499814208984375,-2.000345383868023,-3.4996699818975685,AHR,3,native_t1_scanner_ras_to_freesurfer_tkr_ras,provisional,not_reviewed,Right-Hippocampus,Right-Hippocampus
01,AHR4,40.356,13.465,-33.676,36.22181420898437,-2.889345329077969,-2.221670128296182,AHR,4,native_t1_scanner_ras_to_freesurfer_tkr_ras,provisional,not_reviewed,Right-Hippocampus,Right-Hippocampus
01,AHR5,46.225,12.627,-32.273,42.09081420898437,-3.7273452822995665,-0.8186702899373302,AHR,5,native_t1_scanner_ras_to_freesurfer_tkr_ras,provisional,not_reviewed,ctx-rh-middletemporal,ctx_rh_S_temporal_sup
01,AHR6,51.801,11.799,-30.899,47.66681420898438,-4.555345234336102,0.555329551811667,AHR,6,native_t1_scanner_ras_to_freesurfer_tkr_ras,provisional,not_reviewed,ctx-rh-middletemporal,ctx_rh_S_temporal_inf
01,AHR7,57.468,10.91,-30.01,53.33381420898438,-5.444345176532352,1.4443294517854781,AHR,7,native_t1_scanner_ras_to_freesurfer_tkr_ras,provisional,not_reviewed,ctx-rh-middletemporal,ctx_rh_G_temporal_middle
01,AHR8,63.579,10.243,-28.788,59.44481420898438,-6.1113451507301875,2.6663293105765717,AHR,8,native_t1_scanner_ras_to_freesurfer_tkr_ras,provisional,not_reviewed,ctx-rh-middletemporal,ctx_rh_G_temporal_middle
01,AHR9,69.134,9.354,-27.454,64.99981420898438,-7.000345095070742,4.00032915750225,AHR,9,native_t1_scanner_ras_to_freesurfer_tkr_ras,provisional,not_reviewed,ctx-rh-middletemporal,ctx_rh_G_temporal_middle
01,AR1,22.42,23.64,-31.74,18.285814208984377,7.285653578641899,-0.285670427195555,AR,1,native_t1_scanner_ras_to_freesurfer_tkr_ras,provisional,not_reviewed,Right-Amygdala,Right-Amygdala
01,AR2,25.334,23.354,-31.654,21.199814208984378,6.9996535904491,-0.1996704355331076,AR,2,native_t1_scanner_ras_to_freesurfer_tkr_ras,provisional,not_reviewed,Right-Amygdala,Right-Amygdala
01,AR3,31.334,22.954,-32.054,27.199814208984378,6.599653596106862,-0.5996703851718337,AR,3,native_t1_scanner_ras_to_freesurfer_tkr_ras,provisional,not_reviewed,Right-Amygdala,Right-Amygdala
01,AR4,37.134,22.354,-32.454,32.999814208984375,5.99965362709662,-0.999670333471812,AR,4,native_t1_scanner_ras_to_freesurfer_tkr_ras,provisional,not_reviewed,Right-Amygdala,Right-Amygdala
01,AR5,42.934,21.954,-32.854,38.79981420898437,5.599653634244532,-1.399670283110538,AR,5,native_t1_scanner_ras_to_freesurfer_tkr_ras,provisional,not_reviewed,ctx-rh-superiortemporal,ctx_rh_S_temporal_sup
01,AR6,48.968,21.521,-33.121,44.83381420898438,5.166653642692609,-1.6666702483832125,AR,6,native_t1_scanner_ras_to_freesurfer_tkr_ras,provisional,not_reviewed,ctx-rh-middletemporal,ctx_rh_S_temporal_sup
01,AR7,54.734,21.154,-33.454,50.599814208984384,4.79965364571143,-1.9996702062298652,AR,7,native_t1_scanner_ras_to_freesurfer_tkr_ras,provisional,not_reviewed,ctx-rh-middletemporal,ctx_rh_G_temporal_middle
01,AR8,60.801,21.188,-34.288,56.66681420898438,4.833653602038339,-2.8336701070369372,AR,8,native_t1_scanner_ras_to_freesurfer_tkr_ras,provisional,not_reviewed,ctx-rh-middletemporal,ctx_rh_G_temporal_middle
01,AR9,66.668,20.621,-34.788,62.53381420898438,4.266653629264397,-3.3336700436368574,AR,9,native_t1_scanner_ras_to_freesurfer_tkr_ras,provisional,not_reviewed,ctx-rh-middletemporal,ctx_rh_G_temporal_middle
01,FOR1,22.134,67.354,-20.454,17.999814208984375,50.99964829411138,11.000327934792324,FOR,1,native_t1_scanner_ras_to_freesurfer_tkr_ras,provisional,not_reviewed,ctx-rh-lateralorbitofrontal,ctx_rh_G_orbital
01,FOR2,22.134,66.354,-17.454,17.999814208984375,49.999648393239,14.000327583858365,FOR,2,native_t1_scanner_ras_to_freesurfer_tkr_ras,provisional,not_reviewed,ctx-rh-lateralorbitofrontal,ctx_rh_S_orbital_med-olfact
01,FOR3,22.134,65.354,-13.454,17.999814208984375,48.999648485672765,18.000327113715144,FOR,3,native_t1_scanner_ras_to_freesurfer_tkr_ras,provisional,not_reviewed,ctx-rh-lateralorbitofrontal,ctx_rh_S_orbital_med-olfact
01,FOR4,23.134,65.354,-9.454,18.999814208984375,48.99964845144666,22.000326636878043,FOR,4,native_t1_scanner_ras_to_freesurfer_tkr_ras,provisional,not_reviewed,ctx-rh-superiorfrontal,ctx_rh_G_and_S_cingul-Ant
01,FOR5,24.134,65.354,-6.454,19.999814208984375,48.99964842391444,25.000326279250217,FOR,5,native_t1_scanner_ras_to_freesurfer_tkr_ras,provisional,not_reviewed,ctx-rh-superiorfrontal,ctx_rh_G_and_S_cingul-Ant
01,FOR6,25.134,65.354,-2.454,20.999814208984375,48.99964838968836,29.000325802413116,FOR,6,native_t1_scanner_ras_to_freesurfer_tkr_ras,provisional,not_reviewed,ctx-rh-superiorfrontal,ctx_rh_G_and_S_cingul-Ant
01,FOR7,25.134,64.354,0.546,20.999814208984375,47.99964848881598,32.00032545147917,FOR,7,native_t1_scanner_ras_to_freesurfer_tkr_ras,provisional,not_reviewed,ctx-rh-superiorfrontal,ctx_rh_G_and_S_cingul-Ant
01,FOR8,26.134,64.354,4.546,21.999814208984375,47.9996484545899,36.00032497464207,FOR,8,native_t1_scanner_ras_to_freesurfer_tkr_ras,provisional,not_reviewed,ctx-rh-superiorfrontal,ctx_rh_G_and_S_cingul-Ant
01,FOR9,26.134,64.354,7.546,21.999814208984375,47.99964843450826,39.00032461701424,FOR,9,native_t1_scanner_ras_to_freesurfer_tkr_ras,provisional,not_reviewed,ctx-rh-superiorfrontal,ctx_rh_G_and_S_cingul-Ant
01,FOR10,27.134,64.354,11.546,22.999814208984375,47.999648400282155,43.00032414017714,FOR,10,native_t1_scanner_ras_to_freesurfer_tkr_ras,provisional,not_reviewed,ctx-rh-superiorfrontal,ctx_rh_G_and_S_transv_frontopol
01,FOR11,27.134,63.354,14.546,22.999814208984375,46.9996484994098,46.0003237892432,FOR,11,native_t1_scanner_ras_to_freesurfer_tkr_ras,provisional,not_reviewed,ctx-rh-superiorfrontal,ctx_rh_G_and_S_transv_frontopol
01,FOR12,28.134,63.354,18.546,23.999814208984375,46.9996484651837,50.000323312406096,FOR,12,native_t1_scanner_ras_to_freesurfer_tkr_ras,provisional,not_reviewed,ctx-rh-superiorfrontal,ctx_rh_G_and_S_transv_frontopol
01,FOR13,28.134,63.354,21.546,23.999814208984375,46.99964844510208,53.00032295477827,FOR,13,native_t1_scanner_ras_to_freesurfer_tkr_ras,provisional,not_reviewed,ctx-rh-superiorfrontal,ctx_rh_S_front_middle
01,FOR14,29.134,63.354,24.546,24.999814208984375,46.99964841756986,56.00032259715044,FOR,14,native_t1_scanner_ras_to_freesurfer_tkr_ras,provisional,not_reviewed,ctx-rh-superiorfrontal,ctx_rh_G_front_middle
01,FOR15,29.134,62.354,28.546,24.999814208984375,45.999648510003624,60.00032212700722,FOR,15,native_t1_scanner_ras_to_freesurfer_tkr_ras,provisional,not_reviewed,ctx-rh-superiorfrontal,ctx_rh_G_front_middle
01,ITR1,40.968,5.521,-40.454,36.83381420898438,-10.83334434126813,-8.999669267119543,ITR,1,native_t1_scanner_ras_to_freesurfer_tkr_ras,provisional,not_reviewed,ctx-rh-fusiform,ctx_rh_S_collat_transv_ant
01,ITR2,44.134,5.354,-39.454,39.999814208984375,-11.000344351642596,-7.999669385210922,ITR,2,native_t1_scanner_ras_to_freesurfer_tkr_ras,provisional,not_reviewed,ctx-rh-fusiform,ctx_rh_S_collat_transv_ant
01,ITR3,48.134,4.354,-37.454,43.999814208984375,-12.000344275623391,-5.999669616935591,ITR,3,native_t1_scanner_ras_to_freesurfer_tkr_ras,provisional,not_reviewed,ctx-rh-inferiortemporal,ctx_rh_G_temporal_inf
01,ITR4,51.134,3.354,-36.454,46.999814208984375,-13.000344185459738,-4.999669729451,ITR,4,native_t1_scanner_ras_to_freesurfer_tkr_ras,provisional,not_reviewed,ctx-rh-inferiortemporal,ctx_rh_G_temporal_inf
01,ITR5,54.134,3.354,-34.454,49.999814208984375,-13.000344221199242,-2.9996699678695506,ITR,5,native_t1_scanner_ras_to_freesurfer_tkr_ras,provisional,not_reviewed,ctx-rh-inferiortemporal,ctx_rh_S_temporal_inf
01,ITR6,57.134,3.354,-33.454,52.999814208984375,-13.00034425024485,-1.9996700870788118,ITR,6,native_t1_scanner_ras_to_freesurfer_tkr_ras,provisional,not_reviewed,ctx-rh-middletemporal,ctx_rh_G_temporal_middle
01,ITR7,60.134,2.354,-31.454,55.999814208984375,-14.00034416677508,0.00032968119651854977,ITR,7,native_t1_scanner_ras_to_freesurfer_tkr_ras,provisional,not_reviewed,ctx-rh-middletemporal,ctx_rh_G_temporal_middle
01,ITR8,63.134,2.354,-30.454,58.999814208984375,-14.000344195820702,1.000329561987229,ITR,8,native_t1_scanner_ras_to_freesurfer_tkr_ras,provisional,not_reviewed,ctx-rh-middletemporal,ctx_rh_G_temporal_middle
01,ITR9,67.134,2.354,-28.454,62.999814208984375,-14.000344239010772,3.0003293235686783,ITR,9,native_t1_scanner_ras_to_freesurfer_tkr_ras,provisional,not_reviewed,ctx-rh-middletemporal,ctx_rh_G_temporal_middle
01,ITR10,70.134,1.354,-26.454,65.99981420898438,-15.000344155541,5.000329091844009,ITR,10,native_t1_scanner_ras_to_freesurfer_tkr_ras,provisional,not_reviewed,ctx-rh-middletemporal,ctx_rh_G_temporal_middle
01,MFL1,6.134,75.354,-15.454,1.9998142089843753,58.999647426177035,16.0003272851949,MFL,1,native_t1_scanner_ras_to_freesurfer_tkr_ras,provisional,not_reviewed,ctx-lh-medialorbitofrontal,ctx_lh_G_rectus
01,MFL2,6.134,75.354,-12.454,1.9998142089843753,58.99964740609542,19.000326927567073,MFL,2,native_t1_scanner_ras_to_freesurfer_tkr_ras,provisional,not_reviewed,ctx-lh-medialorbitofrontal,ctx_lh_S_suborbital
01,MFL3,5.134,75.354,-8.454,0.9998142089843753,58.99964738677048,23.000326450729972,MFL,3,native_t1_scanner_ras_to_freesurfer_tkr_ras,provisional,not_reviewed,ctx-lh-medialorbitofrontal,ctx_lh_S_suborbital
01,MFL4,4.134,75.354,-4.454,-0.00018579101561044808,58.99964736744556,27.00032597389287,MFL,4,native_t1_scanner_ras_to_freesurfer_tkr_ras,provisional,not_reviewed,ctx-lh-medialorbitofrontal,ctx_lh_S_suborbital
01,MFL5,2.134,74.354,1.546,-2.000185791015639,57.9996474613927,33.0003252653311,MFL,5,native_t1_scanner_ras_to_freesurfer_tkr_ras,provisional,not_reviewed,ctx-lh-superiorfrontal,ctx_lh_G_front_sup
01,MFL6,1.134,74.354,4.546,-3.000185791015639,57.999647448761664,36.00032490770327,MFL,6,native_t1_scanner_ras_to_freesurfer_tkr_ras,provisional,not_reviewed,ctx-lh-superiorfrontal,ctx_lh_G_and_S_cingul-Ant
01,MFL7,1.134,74.354,7.546,-3.000185791015639,57.99964742868002,39.00032455007545,MFL,7,native_t1_scanner_ras_to_freesurfer_tkr_ras,provisional,not_reviewed,ctx-lh-superiorfrontal,ctx_lh_G_and_S_cingul-Ant
01,MFL8,0.134,73.354,11.546,-4.000185791015639,56.99964752856434,43.00032407993223,MFL,8,native_t1_scanner_ras_to_freesurfer_tkr_ras,provisional,not_reviewed,ctx-lh-superiorfrontal,ctx_lh_G_front_sup
01,MFL9,-0.866,73.354,15.546,-5.000185791015639,56.999647509239395,47.000323603095126,MFL,9,native_t1_scanner_ras_to_freesurfer_tkr_ras,provisional,not_reviewed,ctx-lh-superiorfrontal,ctx_lh_G_front_sup
01,MFL10,-1.866,73.354,18.546,-6.000185791015639,56.99964749660833,50.0003232454673,MFL,10,native_t1_scanner_ras_to_freesurfer_tkr_ras,provisional,not_reviewed,ctx-lh-superiorfrontal,ctx_lh_G_front_sup
01,MFL11,-1.866,72.354,22.546,-6.000185791015639,55.9996475890421,54.00032277532408,MFL,11,native_t1_scanner_ras_to_freesurfer_tkr_ras,provisional,not_reviewed,ctx-lh-superiorfrontal,ctx_lh_G_front_sup
01,MFL12,-2.866,72.354,24.546,-7.000185791015639,55.99964758310492,56.00032253690553,MFL,12,native_t1_scanner_ras_to_freesurfer_tkr_ras,provisional,not_reviewed,ctx-lh-superiorfrontal,ctx_lh_G_front_sup
01,MFL13,-3.866,72.354,28.546,-8.000185791015639,55.99964756377997,60.00032206006843,MFL,13,native_t1_scanner_ras_to_freesurfer_tkr_ras,provisional,not_reviewed,ctx-lh-superiorfrontal,ctx_lh_G_front_sup
01,MFL14,-4.866,71.354,32.546,-9.00018579101561,54.99964766366432,64.0003215899252,MFL,14,native_t1_scanner_ras_to_freesurfer_tkr_ras,provisional,not_reviewed,ctx-lh-superiorfrontal,ctx_lh_G_front_sup
01,MFL15,-5.866,72.354,35.546,-10.00018579101561,55.999647531823996,67.0003212256035,MFL,15,native_t1_scanner_ras_to_freesurfer_tkr_ras,provisional,not_reviewed,ctx-lh-superiorfrontal,ctx_lh_G_front_sup
01,MFR1,13.134,70.354,-15.454,8.999814208984375,53.99964797006936,16.000327318664304,MFR,1,native_t1_scanner_ras_to_freesurfer_tkr_ras,provisional,not_reviewed,ctx-rh-medialorbitofrontal,ctx_rh_G_rectus
01,MFR2,14.134,70.354,-11.454,9.999814208984375,53.99964793584326,20.000326841827203,MFR,2,native_t1_scanner_ras_to_freesurfer_tkr_ras,provisional,not_reviewed,ctx-rh-medialorbitofrontal,ctx_rh_S_suborbital
01,MFR3,15.134,70.354,-8.454,10.999814208984375,53.99964790831103,23.000326484199377,MFR,3,native_t1_scanner_ras_to_freesurfer_tkr_ras,provisional,not_reviewed,ctx-rh-medialorbitofrontal,ctx_rh_G_front_sup
01,MFR4,16.134,70.354,-5.454,11.999814208984375,53.999647880778866,26.00032612657155,MFR,4,native_t1_scanner_ras_to_freesurfer_tkr_ras,provisional,not_reviewed,ctx-rh-medialorbitofrontal,ctx_rh_G_front_sup
01,MFR5,18.134,70.354,-2.454,13.999814208984375,53.99964784579606,29.000325768943725,MFR,5,native_t1_scanner_ras_to_freesurfer_tkr_ras,provisional,not_reviewed,ctx-rh-superiorfrontal,ctx_rh_G_and_S_cingul-Ant
01,MFR6,19.134,70.354,1.546,14.999814208984375,53.99964781156996,33.00032529210662,MFR,6,native_t1_scanner_ras_to_freesurfer_tkr_ras,provisional,not_reviewed,ctx-rh-superiorfrontal,ctx_rh_G_and_S_cingul-Ant
01,MFR7,20.134,69.354,4.546,15.999814208984375,52.99964790324702,36.00032494117268,MFR,7,native_t1_scanner_ras_to_freesurfer_tkr_ras,provisional,not_reviewed,ctx-rh-superiorfrontal,ctx_rh_G_and_S_cingul-Ant
01,MFR8,22.134,69.354,8.546,17.999814208984375,52.99964786157034,40.00032446433558,MFR,8,native_t1_scanner_ras_to_freesurfer_tkr_ras,provisional,not_reviewed,ctx-rh-superiorfrontal,ctx_rh_G_and_S_cingul-Ant
01,MFR9,23.134,69.354,11.546,18.999814208984375,52.999647834038115,43.00032410670775,MFR,9,native_t1_scanner_ras_to_freesurfer_tkr_ras,provisional,not_reviewed,ctx-rh-superiorfrontal,ctx_rh_G_and_S_cingul-Ant
01,MFR10,24.134,69.354,14.546,19.999814208984375,52.99964780650589,46.000323749079925,MFR,10,native_t1_scanner_ras_to_freesurfer_tkr_ras,provisional,not_reviewed,ctx-rh-superiorfrontal,ctx_rh_G_and_S_transv_frontopol
01,MFR11,25.134,69.354,17.546,20.999814208984375,52.99964777897367,49.0003233914521,MFR,11,native_t1_scanner_ras_to_freesurfer_tkr_ras,provisional,not_reviewed,ctx-rh-superiorfrontal,ctx_rh_G_and_S_transv_frontopol
01,MFR12,26.134,69.354,20.546,21.999814208984375,52.999647751441444,52.00032303382427,MFR,12,native_t1_scanner_ras_to_freesurfer_tkr_ras,provisional,not_reviewed,ctx-rh-superiorfrontal,ctx_rh_G_front_sup
01,MFR13,27.134,69.354,23.546,22.999814208984375,52.99964772390922,55.00032267619645,MFR,13,native_t1_scanner_ras_to_freesurfer_tkr_ras,provisional,not_reviewed,ctx-rh-superiorfrontal,ctx_rh_G_front_sup
01,MFR14,28.134,68.354,27.546,23.999814208984375,51.999647808892405,59.00032220605323,MFR,14,native_t1_scanner_ras_to_freesurfer_tkr_ras,provisional,not_reviewed,ctx-rh-superiorfrontal,ctx_rh_G_front_middle
01,MFR15,29.134,68.354,30.546,24.999814208984375,51.99964778136018,62.0003218484254,MFR,15,native_t1_scanner_ras_to_freesurfer_tkr_ras,provisional,not_reviewed,ctx-rh-superiorfrontal,ctx_rh_G_front_middle
01,PHR1,28.706,-5.646,-24.597,24.571814208984378,-22.000343024843986,6.857328917329539,PHR,1,native_t1_scanner_ras_to_freesurfer_tkr_ras,provisional,not_reviewed,Right-Hippocampus,Right-Hippocampus
01,PHR2,31.634,-6.146,-24.954,27.499814208984375,-22.50034298466494,6.500328963234196,PHR,2,native_t1_scanner_ras_to_freesurfer_tkr_ras,provisional,not_reviewed,Right-Hippocampus,Right-Hippocampus
01,PHR3,37.734,-5.846,-25.454,33.599814208984384,-22.200343062529313,6.000329020830662,PHR,3,native_t1_scanner_ras_to_freesurfer_tkr_ras,provisional,not_reviewed,Right-Hippocampus,Right-Hippocampus
01,PHR4,43.468,-6.146,-26.121,39.33381420898438,-22.50034306502333,5.333329102351428,PHR,4,native_t1_scanner_ras_to_freesurfer_tkr_ras,provisional,not_reviewed,ctx-rh-middletemporal,ctx_rh_S_temporal_sup
01,PHR5,49.634,-5.646,-26.454,45.499814208984375,-22.000343168339185,5.000329138701176,PHR,5,native_t1_scanner_ras_to_freesurfer_tkr_ras,provisional,not_reviewed,ctx-rh-middletemporal,ctx_rh_S_temporal_sup
01,PHR6,55.468,-5.812,-26.621,51.33381420898438,-22.166343190899255,4.833329159720307,PHR,6,native_t1_scanner_ras_to_freesurfer_tkr_ras,provisional,not_reviewed,ctx-rh-middletemporal,ctx_rh_G_temporal_middle
01,PHR7,61.634,-5.646,-26.454,57.499814208984375,-22.000343257746138,5.000329138701176,PHR,7,native_t1_scanner_ras_to_freesurfer_tkr_ras,provisional,not_reviewed,ctx-rh-middletemporal,ctx_rh_G_temporal_middle
01,PHR8,67.596,-6.261,-26.07,63.46181420898438,-22.61534323142324,5.384329097041544,PHR,8,native_t1_scanner_ras_to_freesurfer_tkr_ras,provisional,not_reviewed,ctx-rh-middletemporal,ctx_rh_G_temporal_middle
01,PHR9,73.075,-6.587,-25.984,68.94081420898438,-22.94134323395842,5.470329088971752,PHR,9,native_t1_scanner_ras_to_freesurfer_tkr_ras,provisional,not_reviewed,Unknown,Unknown
09,AHL1,-21.591,6.039,-12.536,-20.566997924804696,-6.0599990234374985,11.934993041992186,AHL,1,native_t1_scanner_ras_to_freesurfer_tkr_ras,provisional,not_reviewed,Left-Hippocampus,Left-Hippocampus
09,AHL2,-24.686,6.788,-13.166,-23.661997924804695,-5.310999023437503,11.30499304199219,AHL,2,native_t1_scanner_ras_to_freesurfer_tkr_ras,provisional,not_reviewed,Left-Hippocampus,Left-Hippocampus
09,AHL3,-28.38,8.424,-13.58,-27.355997924804683,-3.6749990234374934,10.89099304199219,AHL,3,native_t1_scanner_ras_to_freesurfer_tkr_ras,provisional,not_reviewed,ctx-lh-fusiform,ctx_lh_S_collat_transv_ant
09,AHL4,-31.959,9.108,-14.184,-30.93499792480469,-2.990999023437496,10.28699304199219,AHL,4,native_t1_scanner_ras_to_freesurfer_tkr_ras,provisional,not_reviewed,ctx-lh-fusiform,ctx_lh_S_collat_transv_ant
09,AHL5,-35.112,10.333,-14.719,-34.08799792480468,-1.7659990234375016,9.751993041992193,AHL,5,native_t1_scanner_ras_to_freesurfer_tkr_ras,provisional,not_reviewed,ctx-lh-fusiform,ctx_lh_S_collat_transv_ant
09,AHL6,-37.703,11.436,-14.302,-36.67899792480469,-0.662999023437493,10.168993041992195,AHL,6,native_t1_scanner_ras_to_freesurfer_tkr_ras,provisional,not_reviewed,ctx-lh-inferiortemporal,ctx_lh_G_temporal_inf
09,AHL7,-41.823,12.531,-14.784,-40.798997924804695,0.4320009765625059,9.686993041992181,AHL,7,native_t1_scanner_ras_to_freesurfer_tkr_ras,provisional,not_reviewed,ctx-lh-middletemporal,ctx_lh_S_temporal_inf
09,AHL8,-44.976,13.755,-15.319,-43.95199792480469,1.6560009765624955,9.151993041992185,AHL,8,native_t1_scanner_ras_to_freesurfer_tkr_ras,provisional,not_reviewed,ctx-lh-middletemporal,ctx_lh_S_temporal_inf
09,AHL9,-48.129,14.98,-15.855,-47.10499792480468,2.8810009765624898,8.615993041992184,AHL,9,native_t1_scanner_ras_to_freesurfer_tkr_ras,provisional,not_reviewed,ctx-lh-middletemporal,ctx_lh_G_temporal_middle
09,AHL10,-51.707,15.665,-16.459,-50.68299792480468,3.566000976562492,8.011993041992184,AHL,10,native_t1_scanner_ras_to_freesurfer_tkr_ras,provisional,not_reviewed,ctx-lh-middletemporal,ctx_lh_G_temporal_middle
09,AL1,-14.107,19.317,-11.208,-13.082997924804687,7.218000976562507,13.262993041992189,AL,1,native_t1_scanner_ras_to_freesurfer_tkr_ras,provisional,not_reviewed,Left-Amygdala,Left-Amygdala
09,AL2,-17.545,19.926,-11.24,-16.520997924804703,7.827000976562488,13.230993041992193,AL,2,native_t1_scanner_ras_to_freesurfer_tkr_ras,provisional,not_reviewed,Left-Amygdala,Left-Amygdala
09,AL3,-20.981,20.289,-10.895,-19.956997924804682,8.190000976562487,13.575993041992191,AL,3,native_t1_scanner_ras_to_freesurfer_tkr_ras,provisional,not_reviewed,Left-Amygdala,Left-Amygdala
09,AL4,-24.482,20.756,-10.993,-23.457997924804687,8.6570009765625,13.477993041992193,AL,4,native_t1_scanner_ras_to_freesurfer_tkr_ras,provisional,not_reviewed,Left-Amygdala,Left-Amygdala
09,AL5,-28.029,21.378,-11.144,-27.004997924804684,9.279000976562486,13.326993041992182,AL,5,native_t1_scanner_ras_to_freesurfer_tkr_ras,provisional,not_reviewed,ctx-lh-superiortemporal,ctx_lh_G_temp_sup-Plan_polar
09,AL6,-31.461,21.83,-10.783,-30.4369979248047,9.731000976562484,13.687993041992186,AL,6,native_t1_scanner_ras_to_freesurfer_tkr_ras,provisional,not_reviewed,ctx-lh-superiortemporal,ctx_lh_G_temp_sup-Plan_polar
09,AL7,-34.919,22.22,-10.431,-33.89499792480467,10.121000976562499,14.03999304199219,AL,7,native_t1_scanner_ras_to_freesurfer_tkr_ras,provisional,not_reviewed,ctx-lh-superiortemporal,ctx_lh_S_circular_insula_inf
09,AL8,-38.405,22.673,-10.179,-37.38099792480469,10.574000976562502,14.291993041992185,AL,8,native_t1_scanner_ras_to_freesurfer_tkr_ras,provisional,not_reviewed,ctx-lh-superiortemporal,ctx_lh_S_temporal_sup
09,AL9,-41.987,23.209,-10.141,-40.96299792480468,11.110000976562503,14.329993041992182,AL,9,native_t1_scanner_ras_to_freesurfer_tkr_ras,provisional,not_reviewed,ctx-lh-middletemporal,ctx_lh_S_temporal_sup
09,AL10,-45.44,23.671,-10.01,-44.415997924804685,11.572000976562492,14.460993041992182,AL,10,native_t1_scanner_ras_to_freesurfer_tkr_ras,provisional,not_reviewed,ctx-lh-middletemporal,ctx_lh_G_temporal_middle
09,AL11,-48.886,24.208,-9.954,-47.86199792480468,12.109000976562498,14.51699304199218,AL,11,native_t1_scanner_ras_to_freesurfer_tkr_ras,provisional,not_reviewed,ctx-lh-middletemporal,ctx_lh_G_temporal_middle
09,AL12,-52.449,24.808,-9.554,-51.4249979248047,12.709000976562493,14.916993041992185,AL,12,native_t1_scanner_ras_to_freesurfer_tkr_ras,provisional,not_reviewed,ctx-lh-middletemporal,ctx_lh_G_temporal_middle
09,APL1,-29.98,-50.538,29.449,-28.955997924804677,-62.6369990234375,53.919993041992186,APL,1,native_t1_scanner_ras_to_freesurfer_tkr_ras,provisional,not_reviewed,ctx-lh-inferiorparietal,ctx_lh_G_pariet_inf-Angular
09,APL2,-33.304,-51.466,29.539,-32.27999792480469,-63.56499902343751,54.00999304199219,APL,2,native_t1_scanner_ras_to_freesurfer_tkr_ras,provisional,not_reviewed,ctx-lh-inferiorparietal,ctx_lh_G_pariet_inf-Angular
09,APL3,-36.57,-52.869,29.534,-35.54599792480468,-64.9679990234375,54.00499304199218,APL,3,native_t1_scanner_ras_to_freesurfer_tkr_ras,provisional,not_reviewed,ctx-lh-inferiorparietal,ctx_lh_S_interm_prim-Jensen
09,APL4,-39.953,-53.321,29.719,-38.92899792480469,-65.4199990234375,54.18999304199218,APL,4,native_t1_scanner_ras_to_freesurfer_tkr_ras,provisional,not_reviewed,ctx-lh-supramarginal,ctx_lh_S_interm_prim-Jensen
09,APL5,-43.219,-54.724,29.714,-42.19499792480468,-66.82299902343749,54.184993041992186,APL,5,native_t1_scanner_ras_to_freesurfer_tkr_ras,provisional,not_reviewed,ctx-lh-supramarginal,ctx_lh_G_pariet_inf-Supramar
09,MPL1,-26.881,-49.211,17.2,-25.856997924804688,-61.3099990234375,41.67099304199219,MPL,1,native_t1_scanner_ras_to_freesurfer_tkr_ras,provisional,not_reviewed,ctx-lh-inferiorparietal,ctx_lh_S_temporal_sup
09,MPL2,-26.762,-48.819,20.328,-25.737997924804688,-60.9179990234375,44.79899304199219,MPL,2,native_t1_scanner_ras_to_freesurfer_tkr_ras,provisional,not_reviewed,ctx-lh-inferiorparietal,ctx_lh_G_pariet_inf-Angular
09,MPL3,-26.565,-48.614,24.436,-25.540997924804685,-60.712999023437504,48.906993041992195,MPL,3,native_t1_scanner_ras_to_freesurfer_tkr_ras,provisional,not_reviewed,ctx-lh-inferiorparietal,ctx_lh_G_pariet_inf-Angular
09,MPL4,-25.963,-48.157,27.538,-24.93899792480468,-60.2559990234375,52.008993041992184,MPL,4,native_t1_scanner_ras_to_freesurfer_tkr_ras,provisional,not_reviewed,ctx-lh-supramarginal,ctx_lh_S_intrapariet_and_P_trans
09,MPL5,-25.765,-47.952,31.645,-24.740997924804674,-60.0509990234375,56.11599304199218,MPL,5,native_t1_scanner_ras_to_freesurfer_tkr_ras,provisional,not_reviewed,ctx-lh-supramarginal,ctx_lh_S_intrapariet_and_P_trans
09,MPL6,-25.085,-47.682,35.727,-24.060997924804695,-59.7809990234375,60.19799304199219,MPL,6,native_t1_scanner_ras_to_freesurfer_tkr_ras,provisional,not_reviewed,ctx-lh-supramarginal,ctx_lh_S_intrapariet_and_P_trans
09,MPL7,-25.044,-47.104,37.875,-24.0199979248047,-59.2029990234375,62.34599304199219,MPL,7,native_t1_scanner_ras_to_freesurfer_tkr_ras,provisional,not_reviewed,ctx-lh-superiorparietal,ctx_lh_S_intrapariet_and_P_trans
09,MPL8,-24.789,-47.374,41.888,-23.764997924804675,-59.472999023437495,66.35899304199219,MPL,8,native_t1_scanner_ras_to_freesurfer_tkr_ras,provisional,not_reviewed,ctx-lh-superiorparietal,ctx_lh_G_parietal_sup
09,MPL9,-24.65,-46.693,46.091,-23.625997924804693,-58.7919990234375,70.5619930419922,MPL,9,native_t1_scanner_ras_to_freesurfer_tkr_ras,provisional,not_reviewed,ctx-lh-superiorparietal,ctx_lh_G_parietal_sup
09,MPL10,-24.472,-46.776,49.124,-23.447997924804696,-58.87499902343751,73.59499304199218,MPL,10,native_t1_scanner_ras_to_freesurfer_tkr_ras,provisional,not_reviewed,ctx-lh-superiorparietal,ctx_lh_G_parietal_sup
09,MPL11,-23.792,-46.506,53.205,-22.76799792480469,-58.6049990234375,77.67599304199219,MPL,11,native_t1_scanner_ras_to_freesurfer_tkr_ras,provisional,not_reviewed,ctx-lh-superiorparietal,ctx_lh_G_parietal_sup
09,MPL12,-23.19,-46.05,56.307,-22.165997924804685,-58.1489990234375,80.77799304199219,MPL,12,native_t1_scanner_ras_to_freesurfer_tkr_ras,provisional,not_reviewed,ctx-lh-superiorparietal,ctx_lh_G_parietal_sup
09,PHL1,-19.16,-19.87,-4.386,-18.135997924804684,-31.968999023437505,20.084993041992192,PHL,1,native_t1_scanner_ras_to_freesurfer_tkr_ras,provisional,not_reviewed,Left-Hippocampus,Left-Hippocampus
09,PHL2,-23.104,-20.2,-5.153,-22.079997924804672,-32.2989990234375,19.31799304199218,PHL,2,native_t1_scanner_ras_to_freesurfer_tkr_ras,provisional,not_reviewed,Left-Hippocampus,Left-Hippocampus
09,PHL3,-26.004,-20.588,-4.995,-24.979997924804678,-32.686999023437494,19.475993041992183,PHL,3,native_t1_scanner_ras_to_freesurfer_tkr_ras,provisional,not_reviewed,Left-Hippocampus,Left-Hippocampus
09,PHL4,-29.465,-20.854,-5.789,-28.44099792480469,-32.9529990234375,18.681993041992186,PHL,4,native_t1_scanner_ras_to_freesurfer_tkr_ras,provisional,not_reviewed,ctx-lh-fusiform,ctx_lh_S_oc-temp_med_and_Lingual
09,PHL5,-33.41,-21.185,-6.556,-32.385997924804684,-33.2839990234375,17.91499304199219,PHL,5,native_t1_scanner_ras_to_freesurfer_tkr_ras,provisional,not_reviewed,ctx-lh-inferiortemporal,ctx_lh_S_oc-temp_lat
09,PHL6,-36.388,-21.386,-7.377,-35.36399792480469,-33.484999023437496,17.093993041992192,PHL,6,native_t1_scanner_ras_to_freesurfer_tkr_ras,provisional,not_reviewed,ctx-lh-middletemporal,ctx_lh_S_temporal_sup
09,PHL7,-40.333,-21.717,-8.145,-39.308997924804686,-33.8159990234375,16.32599304199219,PHL,7,native_t1_scanner_ras_to_freesurfer_tkr_ras,provisional,not_reviewed,ctx-lh-inferiortemporal,ctx_lh_S_temporal_inf
09,PHL8,-43.232,-22.105,-7.986,-42.20799792480469,-34.203999023437504,16.484993041992183,PHL,8,native_t1_scanner_ras_to_freesurfer_tkr_ras,provisional,not_reviewed,ctx-lh-middletemporal,ctx_lh_S_temporal_inf
09,PHL9,-46.752,-21.896,-8.685,-45.7279979248047,-33.9949990234375,15.785993041992185,PHL,9,native_t1_scanner_ras_to_freesurfer_tkr_ras,provisional,not_reviewed,ctx-lh-middletemporal,ctx_lh_S_temporal_inf
09,PHL10,-50.696,-22.226,-9.453,-49.671997924804685,-34.3249990234375,15.017993041992185,PHL,10,native_t1_scanner_ras_to_freesurfer_tkr_ras,provisional,not_reviewed,ctx-lh-middletemporal,ctx_lh_G_temporal_middle
09,PPL1,-15.852,-40.382,14.932,-14.827997924804691,-52.480999023437505,39.40299304199219,PPL,1,native_t1_scanner_ras_to_freesurfer_tkr_ras,provisional,not_reviewed,ctx-lh-precuneus,ctx_lh_S_subparietal
09,PPL2,-17.473,-42.728,15.637,-16.4489979248047,-54.82699902343751,40.10799304199219,PPL,2,native_t1_scanner_ras_to_freesurfer_tkr_ras,provisional,not_reviewed,ctx-lh-inferiorparietal,ctx_lh_S_temporal_sup
09,PPL3,-19.924,-45.865,17.279,-18.899997924804694,-57.96399902343751,41.749993041992184,PPL,3,native_t1_scanner_ras_to_freesurfer_tkr_ras,provisional,not_reviewed,ctx-lh-inferiorparietal,ctx_lh_S_temporal_sup
09,PPL4,-21.487,-48.687,17.888,-20.462997924804682,-60.7859990234375,42.35899304199219,PPL,4,native_t1_scanner_ras_to_freesurfer_tkr_ras,provisional,not_reviewed,ctx-lh-inferiorparietal,ctx_lh_G_pariet_inf-Angular
09,PPL5,-22.971,-51.694,19.477,-21.94699792480469,-63.7929990234375,43.94799304199219,PPL,5,native_t1_scanner_ras_to_freesurfer_tkr_ras,provisional,not_reviewed,ctx-lh-inferiorparietal,ctx_lh_G_pariet_inf-Angular
09,PPL6,-24.822,-55.718,20.903,-23.79799792480469,-67.8169990234375,45.37399304199218,PPL,6,native_t1_scanner_ras_to_freesurfer_tkr_ras,provisional,not_reviewed,ctx-lh-inferiorparietal,ctx_lh_S_intrapariet_and_P_trans
09,PPL7,-26.926,-58.129,21.634,-25.901997924804675,-70.22799902343749,46.10499304199219,PPL,7,native_t1_scanner_ras_to_freesurfer_tkr_ras,provisional,not_reviewed,ctx-lh-inferiorparietal,ctx_lh_S_intrapariet_and_P_trans
09,PPL8,-28.488,-60.95,22.243,-27.463997924804687,-73.0489990234375,46.71399304199218,PPL,8,native_t1_scanner_ras_to_freesurfer_tkr_ras,provisional,not_reviewed,ctx-lh-inferiorparietal,ctx_lh_G_pariet_inf-Angular
09,PPL9,-30.514,-63.547,23.954,-29.489997924804698,-75.6459990234375,48.424993041992195,PPL,9,native_t1_scanner_ras_to_freesurfer_tkr_ras,provisional,not_reviewed,ctx-lh-inferiorparietal,ctx_lh_G_pariet_inf-Angular
09,PPL10,-32.077,-66.369,24.564,-31.052997924804686,-78.4679990234375,49.03499304199218,PPL,10,native_t1_scanner_ras_to_freesurfer_tkr_ras,provisional,not_reviewed,ctx-lh-inferiorparietal,ctx_lh_G_pariet_inf-Angular
09,TOL1,-16.968,-42.25,-19.03,-15.943997924804677,-54.3489990234375,5.440993041992186,TOL,1,native_t1_scanner_ras_to_freesurfer_tkr_ras,provisional,not_reviewed,ctx-lh-fusiform,ctx_lh_G_oc-temp_lat-fusifor
09,TOL2,-20.351,-42.702,-18.845,-19.326997924804687,-54.8009990234375,5.625993041992189,TOL,2,native_t1_scanner_ras_to_freesurfer_tkr_ras,provisional,not_reviewed,ctx-lh-fusiform,ctx_lh_G_oc-temp_lat-fusifor
09,TOL3,-23.714,-42.866,-17.585,-22.689997924804686,-54.9649990234375,6.8859930419921795,TOL,3,native_t1_scanner_ras_to_freesurfer_tkr_ras,provisional,not_reviewed,ctx-lh-fusiform,ctx_lh_G_oc-temp_lat-fusifor
09,TOL4,-27.155,-42.843,-17.305,-26.13099792480469,-54.9419990234375,7.165993041992181,TOL,4,native_t1_scanner_ras_to_freesurfer_tkr_ras,provisional,not_reviewed,ctx-lh-fusiform,ctx_lh_G_oc-temp_lat-fusifor
09,TOL5,-30.459,-43.481,-16.14,-29.43499792480469,-55.579999023437495,8.330993041992187,TOL,5,native_t1_scanner_ras_to_freesurfer_tkr_ras,provisional,not_reviewed,ctx-lh-fusiform,ctx_lh_S_oc-temp_lat
09,TOL6,-34.305,-43.709,-14.854,-33.280997924804694,-55.8079990234375,9.616993041992188,TOL,6,native_t1_scanner_ras_to_freesurfer_tkr_ras,provisional,not_reviewed,ctx-lh-fusiform,ctx_lh_S_oc-temp_lat
09,TOL7,-37.205,-44.097,-14.695,-36.18099792480467,-56.19599902343751,9.775993041992194,TOL,7,native_t1_scanner_ras_to_freesurfer_tkr_ras,provisional,not_reviewed,ctx-lh-inferiortemporal,ctx_lh_S_oc-temp_lat
09,TOL8,-40.509,-44.736,-13.531,-39.4849979248047,-56.83499902343749,10.939993041992182,TOL,8,native_t1_scanner_ras_to_freesurfer_tkr_ras,provisional,not_reviewed,ctx-lh-inferiortemporal,ctx_lh_S_occipital_ant
09,TOL9,-43.95,-44.713,-13.25,-42.925997924804676,-56.811999023437494,11.220993041992188,TOL,9,native_t1_scanner_ras_to_freesurfer_tkr_ras,provisional,not_reviewed,ctx-lh-inferiortemporal,ctx_lh_G_temporal_inf
09,TOL10,-47.738,-45.416,-12.059,-46.71399792480469,-57.5149990234375,12.41199304199219,TOL,10,native_t1_scanner_ras_to_freesurfer_tkr_ras,provisional,not_reviewed,ctx-lh-middletemporal,ctx_lh_G_temporal_inf
21,AHR1,24.631,7.62,-17.073,23.078788060694492,-5.720523426936168,-34.27329692833857,AHR,1,native_t1_scanner_ras_to_freesurfer_tkr_ras,provisional,not_reviewed,Right-Hippocampus,Right-Hippocampus
21,AHR2,27.617,8.403,-16.988,26.0647884181371,-4.9375233732738195,-34.188296912148445,AHR,2,native_t1_scanner_ras_to_freesurfer_tkr_ras,provisional,not_reviewed,Right-Hippocampus,Right-Hippocampus
21,AHR3,31.177,9.015,-15.933,29.624788839999155,-4.325523328015734,-33.133296836003524,AHR,3,native_t1_scanner_ras_to_freesurfer_tkr_ras,provisional,not_reviewed,Right-Hippocampus,Right-Hippocampus
21,AHR4,34.481,9.65,-15.527,32.928789233814214,-3.6905232822849996,-32.72729679949566,AHR,4,native_t1_scanner_ras_to_freesurfer_tkr_ras,provisional,not_reviewed,Right-Hippocampus,Right-Hippocampus
21,AHR5,37.91,10.161,-14.856,36.35778964125814,-3.1795232435308094,-32.05629674672693,AHR,5,native_t1_scanner_ras_to_freesurfer_tkr_ras,provisional,not_reviewed,Right-Hippocampus,Right-Hippocampus
21,AHR6,41.601,10.757,-13.809,40.048790078729624,-2.583523198925107,-31.00929667057079,AHR,6,native_t1_scanner_ras_to_freesurfer_tkr_ras,provisional,not_reviewed,ctx-rh-superiortemporal,ctx_rh_S_circular_insula_inf
21,AHR7,45.074,11.513,-13.746,43.52179049424703,-1.8275231457484438,-30.946296653877766,AHR,7,native_t1_scanner_ras_to_freesurfer_tkr_ras,provisional,not_reviewed,ctx-rh-superiortemporal,ctx_rh_S_circular_insula_inf
21,AHR8,48.545,11.571,-12.815,46.99279090468764,-1.7695231337762891,-30.01529658545536,AHR,8,native_t1_scanner_ras_to_freesurfer_tkr_ras,provisional,not_reviewed,ctx-rh-superiortemporal,ctx_rh_S_circular_insula_inf
21,AHR9,51.531,12.354,-12.73,49.978791262130244,-0.9865230801139404,-29.930296569265238,AHR,9,native_t1_scanner_ras_to_freesurfer_tkr_ras,provisional,not_reviewed,ctx-rh-superiortemporal,ctx_rh_G_temp_sup-Lateral
21,AHR10,55.035,12.887,-11.691,53.48279167719454,-0.45352303970246055,-28.891296494282614,AHR,10,native_t1_scanner_ras_to_freesurfer_tkr_ras,provisional,not_reviewed,ctx-rh-superiortemporal,ctx_rh_G_temp_sup-Lateral
21,AIR1,40.865,35.334,4.152,39.312789980589145,21.993478272628437,-13.04829560275354,AIR,1,native_t1_scanner_ras_to_freesurfer_tkr_ras,provisional,not_reviewed,ctx-rh-insula,ctx_rh_G_insular_short
21,AIR2,39.104,36.203,7.485,37.55178976024317,22.86247832187678,-9.715295410651464,AIR,2,native_t1_scanner_ras_to_freesurfer_tkr_ras,provisional,not_reviewed,ctx-rh-insula,ctx_rh_G_insular_short
21,AIR3,38.318,37.015,10.775,36.76578965615539,23.67447836997775,-6.4252952174802545,AIR,3,native_t1_scanner_ras_to_freesurfer_tkr_ras,provisional,not_reviewed,ctx-rh-parstriangularis,ctx_rh_G_front_inf-Triangul
21,AIR4,37.076,38.33,14.194,35.52378949838413,24.98947844705819,-3.006295018318781,AIR,4,native_t1_scanner_ras_to_freesurfer_tkr_ras,provisional,not_reviewed,ctx-rh-parstriangularis,ctx_rh_S_circular_insula_sup
21,AIR5,36.227,38.89,16.401,34.67478939024126,25.54947847948779,-0.7992948899340888,AIR,5,native_t1_scanner_ras_to_freesurfer_tkr_ras,provisional,not_reviewed,ctx-rh-parsopercularis,ctx_rh_S_circular_insula_sup
21,AIR6,34.954,39.731,19.712,33.40178922808701,26.39047852819317,2.5117053026745992,AIR,6,native_t1_scanner_ras_to_freesurfer_tkr_ras,provisional,not_reviewed,ctx-rh-parsopercularis,ctx_rh_S_circular_insula_sup
21,AIR7,33.712,41.046,23.131,32.15978907031574,27.705478605273612,5.930705501836087,AIR,7,native_t1_scanner_ras_to_freesurfer_tkr_ras,provisional,not_reviewed,ctx-rh-rostralmiddlefrontal,ctx_rh_S_front_inf
21,AIR8,32.863,41.606,25.339,31.31078896216914,28.265478637703666,8.13870563028037,AIR,8,native_t1_scanner_ras_to_freesurfer_tkr_ras,provisional,not_reviewed,ctx-rh-rostralmiddlefrontal,ctx_rh_S_front_inf
21,AIR9,32.077,42.418,28.628,30.524788858085117,29.077478685804152,11.427705823391989,AIR,9,native_t1_scanner_ras_to_freesurfer_tkr_ras,provisional,not_reviewed,ctx-rh-rostralmiddlefrontal,ctx_rh_S_front_middle
21,AIR10,30.803,43.259,31.939,29.25078869581165,29.918478734507204,14.738706015996954,AIR,10,native_t1_scanner_ras_to_freesurfer_tkr_ras,provisional,not_reviewed,ctx-rh-rostralmiddlefrontal,ctx_rh_S_front_middle
21,AIR11,29.105,44.379,36.354,27.552788479522206,31.03847879936683,19.15370627282593,AIR,11,native_t1_scanner_ras_to_freesurfer_tkr_ras,provisional,not_reviewed,ctx-rh-rostralmiddlefrontal,ctx_rh_S_front_sup
21,AIR12,28.288,45.414,38.669,26.73578837588383,32.07347886023342,21.46870640776713,AIR,12,native_t1_scanner_ras_to_freesurfer_tkr_ras,provisional,not_reviewed,ctx-rh-rostralmiddlefrontal,ctx_rh_S_front_sup
21,AIR13,27.015,46.254,41.98,25.46278821372728,32.9134789088792,24.779706600375818,AIR,13,native_t1_scanner_ras_to_freesurfer_tkr_ras,provisional,not_reviewed,ctx-rh-superiorfrontal,ctx_rh_S_front_sup
21,AIR14,26.228,47.067,45.27,24.6757881095226,33.726478957037415,28.069706793543318,AIR,14,native_t1_scanner_ras_to_freesurfer_tkr_ras,provisional,not_reviewed,ctx-rh-superiorfrontal,ctx_rh_S_front_sup
21,AIR15,24.562,48.662,49.793,23.009787897737638,35.32147905033406,32.5927070569288,AIR,15,native_t1_scanner_ras_to_freesurfer_tkr_ras,provisional,not_reviewed,ctx-rh-superiorfrontal,ctx_rh_G_front_sup
21,AR1,13.488,17.761,-16.456,11.935786753362933,4.42047715185754,-33.656296933073406,AR,1,native_t1_scanner_ras_to_freesurfer_tkr_ras,provisional,not_reviewed,Right-Hippocampus,Right-Hippocampus
21,AR2,16.931,18.74,-17.366,15.378787169441495,5.39947721780311,-34.56629697448747,AR,2,native_t1_scanner_ras_to_freesurfer_tkr_ras,provisional,not_reviewed,Right-Hippocampus,Right-Hippocampus
21,AR3,19.854,19.271,-18.363,18.301787522825293,5.930477255794557,-35.56329702302429,AR,3,native_t1_scanner_ras_to_freesurfer_tkr_ras,provisional,not_reviewed,Right-Hippocampus,Right-Hippocampus
21,AR4,23.751,19.747,-19.403,22.198787992352663,6.406477292755483,-36.60329707049564,AR,4,native_t1_scanner_ras_to_freesurfer_tkr_ras,provisional,not_reviewed,Right-Hippocampus,Right-Hippocampus
21,AR5,27.162,20.25,-20.421,25.60978840392444,6.909477330204453,-37.6212971184662,AR,5,native_t1_scanner_ras_to_freesurfer_tkr_ras,provisional,not_reviewed,Right-Hippocampus,Right-Hippocampus
21,AR6,30.117,21.257,-21.31,28.564788761815024,7.9164773966925,-38.5102971604465,AR,6,native_t1_scanner_ras_to_freesurfer_tkr_ras,provisional,not_reviewed,ctx-rh-fusiform,ctx_rh_S_collat_transv_ant
21,AR7,33.527,21.76,-22.328,31.974789173267595,8.41947743413914,-39.52829720842081,AR,7,native_t1_scanner_ras_to_freesurfer_tkr_ras,provisional,not_reviewed,ctx-rh-inferiortemporal,ctx_rh_Pole_temporal
21,AR8,36.481,22.069,-22.35,34.9287895262043,8.72847745942454,-39.550297198727606,AR,8,native_t1_scanner_ras_to_freesurfer_tkr_ras,provisional,not_reviewed,ctx-rh-middletemporal,ctx_rh_Pole_temporal
21,AR9,39.892,22.572,-23.369,38.339789937779784,9.231477496873026,-40.56929724675777,AR,9,native_t1_scanner_ras_to_freesurfer_tkr_ras,provisional,not_reviewed,ctx-rh-middletemporal,ctx_rh_Pole_temporal
21,AR10,43.302,23.076,-24.387,41.74979034923467,9.735477534379243,-41.58729729473205,AR,10,native_t1_scanner_ras_to_freesurfer_tkr_ras,provisional,not_reviewed,ctx-rh-middletemporal,ctx_rh_Pole_temporal
21,AR11,46.712,23.579,-25.405,45.15979076068723,10.238477571825854,-42.605297342706336,AR,11,native_t1_scanner_ras_to_freesurfer_tkr_ras,provisional,not_reviewed,ctx-rh-middletemporal,ctx_rh_Pole_temporal
21,AR12,50.123,24.083,-26.423,48.57079117226131,10.7424776093344,-43.623297390676896,AR,12,native_t1_scanner_ras_to_freesurfer_tkr_ras,provisional,not_reviewed,ctx-rh-superiortemporal,ctx_rh_Pole_temporal
21,ATR1,37.203,-16.367,2.206,35.65078943242298,-29.707524818423906,-14.994295732386206,ATR,1,native_t1_scanner_ras_to_freesurfer_tkr_ras,provisional,not_reviewed,ctx-rh-transversetemporal,ctx_rh_G_temp_sup-G_T_transv
21,ATR2,40.501,-17.629,2.31,38.948789822286244,-30.969524885917792,-14.89029571390131,ATR,2,native_t1_scanner_ras_to_freesurfer_tkr_ras,provisional,not_reviewed,ctx-rh-superiortemporal,ctx_rh_S_temporal_transverse
21,ATR3,43.692,-18.833,1.934,42.139790201315606,-32.17352495042725,-15.266295724425248,ATR,3,native_t1_scanner_ras_to_freesurfer_tkr_ras,provisional,not_reviewed,ctx-rh-superiortemporal,ctx_rh_S_temporal_transverse
21,ATR4,47.131,-19.805,1.871,45.57879060927627,-33.14552500038526,-15.329295715369057,ATR,4,native_t1_scanner_ras_to_freesurfer_tkr_ras,provisional,not_reviewed,ctx-rh-superiortemporal,ctx_rh_G_temp_sup-Plan_tempo
21,ATR5,50.447,-21.191,2.106,48.894791000512186,-34.53152507516721,-15.094295689008902,ATR,5,native_t1_scanner_ras_to_freesurfer_tkr_ras,provisional,not_reviewed,ctx-rh-superiortemporal,ctx_rh_G_temp_sup-Plan_tempo
21,ATR6,53.619,-22.443,1.823,52.06679137681975,-35.78352514253862,-15.377295694060393,ATR,6,native_t1_scanner_ras_to_freesurfer_tkr_ras,provisional,not_reviewed,ctx-rh-superiortemporal,ctx_rh_G_temp_sup-Plan_tempo
21,ATR7,56.888,-23.602,1.455,55.3357917652211,-36.94252520418053,-15.745295703816936,ATR,7,native_t1_scanner_ras_to_freesurfer_tkr_ras,provisional,not_reviewed,ctx-rh-superiortemporal,ctx_rh_G_temp_sup-Plan_tempo
21,ATR8,60.157,-25.022,1.452,58.60479215166262,-38.36252528120929,-15.74829569181776,ATR,8,native_t1_scanner_ras_to_freesurfer_tkr_ras,provisional,not_reviewed,ctx-rh-superiortemporal,ctx_rh_G_temp_sup-Lateral
21,COR1,43.073,0.05,17.066,41.52079011456979,-13.29052381930751,-0.1342948247936704,COR,1,native_t1_scanner_ras_to_freesurfer_tkr_ras,provisional,not_reviewed,ctx-rh-postcentral,ctx_rh_G_and_S_subcentral
21,COR2,46.552,-0.221,17.392,44.99979052746143,-13.56152382720839,0.19170520759774945,COR,2,native_t1_scanner_ras_to_freesurfer_tkr_ras,provisional,not_reviewed,ctx-rh-postcentral,ctx_rh_G_and_S_subcentral
21,COR3,49.927,-0.485,17.225,48.37479092980797,-13.82552383516375,0.02470521021662364,COR,3,native_t1_scanner_ras_to_freesurfer_tkr_ras,provisional,not_reviewed,ctx-rh-postcentral,ctx_rh_G_pariet_inf-Supramar
21,COR4,53.581,-0.773,17.643,52.02879136317944,-14.113523843627604,0.44270524874357875,COR,4,native_t1_scanner_ras_to_freesurfer_tkr_ras,provisional,not_reviewed,ctx-rh-postcentral,ctx_rh_G_pariet_inf-Supramar
21,COR5,57.095,-0.986,17.912,55.542791780589084,-14.326523848016464,0.7117052778679067,COR,5,native_t1_scanner_ras_to_freesurfer_tkr_ras,provisional,not_reviewed,ctx-rh-postcentral,ctx_rh_G_and_S_subcentral
21,COR6,60.516,-1.075,17.784,58.96379218867631,-14.415523845415734,0.5837052829827201,COR,6,native_t1_scanner_ras_to_freesurfer_tkr_ras,provisional,not_reviewed,ctx-rh-postcentral,ctx_rh_G_and_S_subcentral
21,COR7,64.055,-1.341,18.228,62.502792608292424,-14.681523852823943,1.0277053226309931,COR,7,native_t1_scanner_ras_to_freesurfer_tkr_ras,provisional,not_reviewed,ctx-rh-postcentral,ctx_rh_G_and_S_subcentral
21,COR8,67.489,-1.637,18.463,65.93679301610116,-14.97752386236209,1.262705349430746,COR,8,native_t1_scanner_ras_to_freesurfer_tkr_ras,provisional,not_reviewed,ctx-rh-postcentral,ctx_rh_G_postcentral
21,IPR1,36.81,15.428,-6.433,35.25778949085969,2.0874770717680065,-23.633296248774798,IPR,1,native_t1_scanner_ras_to_freesurfer_tkr_ras,provisional,not_reviewed,ctx-rh-insula,ctx_rh_G_Ins_lg_and_S_cent_ins
21,IPR2,35.864,13.864,-3.682,34.31178936424345,0.5234769776247958,-20.88229608832654,IPR,2,native_t1_scanner_ras_to_freesurfer_tkr_ras,provisional,not_reviewed,ctx-rh-insula,ctx_rh_G_Ins_lg_and_S_cent_ins
21,IPR3,34.918,12.301,-0.931,33.365789237629514,-1.0395231164588097,-18.131295927878256,IPR,3,native_t1_scanner_ras_to_freesurfer_tkr_ras,provisional,not_reviewed,Right-Putamen,Right-Putamen
21,IPR4,34.49,10.486,2.773,32.937789168636414,-2.854523223912963,-14.427295708697073,IPR,4,native_t1_scanner_ras_to_freesurfer_tkr_ras,provisional,not_reviewed,Right-Putamen,Right-Putamen
21,IPR5,33.575,9.398,5.632,32.02278904640775,-3.9425232895618905,-11.568295541696017,IPR,5,native_t1_scanner_ras_to_freesurfer_tkr_ras,provisional,not_reviewed,Right-Putamen,Right-Putamen
21,IPR6,32.66,7.612,9.357,31.107788919348152,-5.728523396411603,-7.843295323077342,IPR,6,native_t1_scanner_ras_to_freesurfer_tkr_ras,provisional,not_reviewed,Right-Putamen,Right-Putamen
21,IPR7,32.233,6.496,12.194,30.68078885531122,-6.84452346260349,-5.00629515556966,IPR,7,native_t1_scanner_ras_to_freesurfer_tkr_ras,provisional,not_reviewed,ctx-rh-insula,ctx_rh_G_Ins_lg_and_S_cent_ins
21,IPR8,31.319,5.407,15.053,29.766788733199476,-7.933523528309706,-2.14729498856488,IPR,8,native_t1_scanner_ras_to_freesurfer_tkr_ras,provisional,not_reviewed,ctx-rh-insula,ctx_rh_Lat_Fis-post
21,IPR9,30.373,3.844,17.804,28.820788606585552,-9.496523622393312,0.6037051718833766,IPR,9,native_t1_scanner_ras_to_freesurfer_tkr_ras,provisional,not_reviewed,ctx-rh-insula,ctx_rh_Lat_Fis-post
21,IPR10,29.914,2.252,20.533,28.361788538041836,-11.088523717081813,3.33270533283455,IPR,10,native_t1_scanner_ras_to_freesurfer_tkr_ras,provisional,not_reviewed,ctx-rh-insula,ctx_rh_Lat_Fis-post
21,IPR11,29.03,0.941,24.366,27.477788415367513,-12.399523795496862,7.16570555800601,IPR,11,native_t1_scanner_ras_to_freesurfer_tkr_ras,provisional,not_reviewed,ctx-rh-insula,ctx_rh_Lat_Fis-post
21,IPR12,28.084,-0.622,27.117,26.531788288753575,-13.962523889580467,9.916705718454267,IPR,12,native_t1_scanner_ras_to_freesurfer_tkr_ras,provisional,not_reviewed,Right-Caudate,Right-Caudate
21,IPR13,27.169,-2.409,30.842,25.616788161691687,-15.749523996489785,13.641705937072942,IPR,13,native_t1_scanner_ras_to_freesurfer_tkr_ras,provisional,not_reviewed,Right-Caudate,Right-Caudate
21,IPR14,26.255,-3.497,33.701,24.70278803958223,-16.837524062136396,16.50070610407772,IPR,14,native_t1_scanner_ras_to_freesurfer_tkr_ras,provisional,not_reviewed,Unknown,Unknown
21,IPR15,25.858,-4.836,37.512,24.305787974980433,-18.17652414109672,20.3117063297521,IPR,15,native_t1_scanner_ras_to_freesurfer_tkr_ras,provisional,not_reviewed,ctx-rh-paracentral,ctx_rh_S_cingul-Marginalis
21,PHR1,30.746,-7.356,-6.655,29.193788716416435,-20.69652430048653,-23.855296284597188,PHR,1,native_t1_scanner_ras_to_freesurfer_tkr_ras,provisional,not_reviewed,Right-Hippocampus,Right-Hippocampus
21,PHR2,34.051,-7.745,-6.516,32.49878910899098,-21.085524315912963,-23.71629626400005,PHR,2,native_t1_scanner_ras_to_freesurfer_tkr_ras,provisional,not_reviewed,Right-Hippocampus,Right-Hippocampus
21,PHR3,37.929,-8.382,-5.757,36.376789566992585,-21.72252434449851,-22.95729620431345,PHR,3,native_t1_scanner_ras_to_freesurfer_tkr_ras,provisional,not_reviewed,ctx-rh-transversetemporal,ctx_rh_G_temp_sup-G_T_transv
21,PHR4,40.819,-9.024,-5.995,39.26678991091799,-22.364524376146704,-23.195296207733264,PHR,4,native_t1_scanner_ras_to_freesurfer_tkr_ras,provisional,not_reviewed,ctx-rh-transversetemporal,ctx_rh_G_temp_sup-G_T_transv
21,PHR5,44.746,-9.47,-5.194,43.193790375043534,-22.810524393214124,-22.394296145360727,PHR,5,native_t1_scanner_ras_to_freesurfer_tkr_ras,provisional,not_reviewed,ctx-rh-transversetemporal,ctx_rh_G_temp_sup-G_T_transv
21,PHR6,51.562,-10.557,-4.63,50.00979118297384,-23.897524441872008,-21.83029608635212,PHR,6,native_t1_scanner_ras_to_freesurfer_tkr_ras,provisional,not_reviewed,ctx-rh-transversetemporal,ctx_rh_G_temp_sup-G_T_transv
21,PHR7,54.972,-10.751,-4.782,53.419791589597764,-24.091524445566563,-21.982296082708785,PHR,7,native_t1_scanner_ras_to_freesurfer_tkr_ras,provisional,not_reviewed,ctx-rh-superiortemporal,ctx_rh_G_temp_sup-G_T_transv
21,PHR8,58.866,-11.672,-4.088,57.31379204909588,-25.012524491072853,-21.28829602683686,PHR,8,native_t1_scanner_ras_to_freesurfer_tkr_ras,provisional,not_reviewed,ctx-rh-superiortemporal,ctx_rh_G_temp_sup-Lateral
21,PHR9,61.757,-12.314,-4.326,60.20479239314051,-25.65452452271873,-21.52629603025295,PHR,9,native_t1_scanner_ras_to_freesurfer_tkr_ras,provisional,not_reviewed,ctx-rh-superiortemporal,ctx_rh_G_temp_sup-Lateral
21,PHR10,65.651,-13.234,-3.633,64.09879285264462,-26.57452456816587,-20.83329597444066,PHR,10,native_t1_scanner_ras_to_freesurfer_tkr_ras,provisional,not_reviewed,ctx-rh-superiortemporal,ctx_rh_G_temp_sup-Lateral
21,PHR11,68.573,-13.401,-3.763,67.02079320107454,-26.74152457137707,-20.96329597130395,PHR,11,native_t1_scanner_ras_to_freesurfer_tkr_ras,provisional,not_reviewed,ctx-rh-superiortemporal,ctx_rh_G_temp_sup-Lateral
21,PHR12,73.442,-14.377,-3.113,71.88979377683917,-27.717524617912005,-20.313295914422497,PHR,12,native_t1_scanner_ras_to_freesurfer_tkr_ras,provisional,not_reviewed,Unknown,Unknown
21,PR1,41.008,-12.504,13.729,39.45578985196968,-25.84452457394613,-3.4712950313870863,PR,1,native_t1_scanner_ras_to_freesurfer_tkr_ras,provisional,not_reviewed,ctx-rh-supramarginal,ctx_rh_G_pariet_inf-Supramar
21,PR2,43.568,-12.139,15.785,42.0157901503255,-25.479524545272568,-1.4152948993032055,PR,2,native_t1_scanner_ras_to_freesurfer_tkr_ras,provisional,not_reviewed,ctx-rh-supramarginal,ctx_rh_G_pariet_inf-Supramar
21,PR3,46.16,-11.298,17.949,44.60779045318813,-24.638524488102405,0.7487052393372267,PR,3,native_t1_scanner_ras_to_freesurfer_tkr_ras,provisional,not_reviewed,ctx-rh-supramarginal,ctx_rh_G_pariet_inf-Supramar
21,PR4,49.239,-10.485,20.091,47.68679081412324,-23.82552443147752,2.890705378480547,PR,4,native_t1_scanner_ras_to_freesurfer_tkr_ras,provisional,not_reviewed,ctx-rh-supramarginal,ctx_rh_G_pariet_inf-Supramar
21,PR5,51.831,-9.645,22.254,50.27879111698729,-22.985524374367415,5.05370551706136,PR,5,native_t1_scanner_ras_to_freesurfer_tkr_ras,provisional,not_reviewed,ctx-rh-supramarginal,ctx_rh_G_pariet_inf-Supramar
21,PR6,54.878,-9.307,24.288,53.32579147341792,-22.647524346179537,7.087705649648171,PR,6,native_t1_scanner_ras_to_freesurfer_tkr_ras,provisional,not_reviewed,ctx-rh-supramarginal,ctx_rh_G_pariet_inf-Supramar
21,PR7,57.47,-8.466,26.452,55.91779177628054,-21.80652428900936,9.25170578828859,PR,7,native_t1_scanner_ras_to_freesurfer_tkr_ras,provisional,not_reviewed,ctx-rh-supramarginal,ctx_rh_G_pariet_inf-Supramar
21,PR8,61.067,-7.904,29.547,59.514792194838805,-21.244524245695416,12.346705986164835,PR,8,native_t1_scanner_ras_to_freesurfer_tkr_ras,provisional,not_reviewed,ctx-rh-supramarginal,ctx_rh_G_pariet_inf-Supramar
21,SMR1,32.955,-18.654,16.681,31.402788866839998,-31.99452495788995,-0.5192948854339363,SMR,1,native_t1_scanner_ras_to_freesurfer_tkr_ras,provisional,not_reviewed,ctx-rh-supramarginal,ctx_rh_Lat_Fis-post
21,SMR2,35.844,-19.994,17.31,34.29178920581154,-33.33452503074079,0.10970516281975051,SMR,2,native_t1_scanner_ras_to_freesurfer_tkr_ras,provisional,not_reviewed,ctx-rh-supramarginal,ctx_rh_Lat_Fis-post
21,SMR3,39.707,-21.389,17.895,38.154789660930405,-34.72952510462261,0.6947052120792705,SMR,3,native_t1_scanner_ras_to_freesurfer_tkr_ras,provisional,not_reviewed,ctx-rh-supramarginal,ctx_rh_Lat_Fis-post
21,SMR4,42.596,-22.729,18.524,41.04378999990193,-36.069525177473466,1.3237052603329573,SMR,4,native_t1_scanner_ras_to_freesurfer_tkr_ras,provisional,not_reviewed,ctx-rh-supramarginal,ctx_rh_Lat_Fis-post
21,SMR5,45.972,-24.097,19.132,44.41979039694226,-37.43752525086914,1.9317053091491658,SMR,5,native_t1_scanner_ras_to_freesurfer_tkr_ras,provisional,not_reviewed,ctx-rh-supramarginal,ctx_rh_G_temp_sup-Plan_tempo
21,SMR6,49.379,-24.99,19.847,47.826790798371576,-38.3305252958306,2.6467053644585548,SMR,6,native_t1_scanner_ras_to_freesurfer_tkr_ras,provisional,not_reviewed,ctx-rh-supramarginal,ctx_rh_G_temp_sup-Plan_tempo
21,SMR7,52.755,-26.358,20.454,51.20279119541564,-39.69852536922674,3.253705413215158,SMR,7,native_t1_scanner_ras_to_freesurfer_tkr_ras,provisional,not_reviewed,ctx-rh-supramarginal,ctx_rh_G_temp_sup-Plan_tempo
21,SMR8,56.131,-27.726,21.061,54.57879159245968,-41.066525442622876,3.8607054619717616,SMR,8,native_t1_scanner_ras_to_freesurfer_tkr_ras,provisional,not_reviewed,ctx-rh-supramarginal,ctx_rh_G_pariet_inf-Angular
21,SMR9,59.02,-29.066,21.69,57.46779193143122,-42.40652551547373,4.489705510225448,SMR,9,native_t1_scanner_ras_to_freesurfer_tkr_ras,provisional,not_reviewed,ctx-rh-supramarginal,ctx_rh_G_pariet_inf-Angular
21,SMR10,62.428,-29.958,22.405,60.87579233298206,-43.29852556037325,5.204705565538561,SMR,10,native_t1_scanner_ras_to_freesurfer_tkr_ras,provisional,not_reviewed,ctx-rh-supramarginal,ctx_rh_G_pariet_inf-Supramar
21,TOR1,11.207,-40.682,-5.123,9.654786304855463,-54.02252633165044,-22.32329626607134,TOR,1,native_t1_scanner_ras_to_freesurfer_tkr_ras,provisional,not_reviewed,ctx-rh-lingual,ctx_rh_G_oc-temp_med-Lingual
21,TOR2,14.368,-42.084,-5.385,12.815786679428612,-55.42452640797838,-22.585296269912106,TOR,2,native_t1_scanner_ras_to_freesurfer_tkr_ras,provisional,not_reviewed,ctx-rh-lingual,ctx_rh_S_oc-temp_med_and_Lingual
21,TOR3,17.566,-43.742,-5.22,16.013787056233213,-57.08252649928012,-22.42029624816385,TOR,3,native_t1_scanner_ras_to_freesurfer_tkr_ras,provisional,not_reviewed,ctx-rh-lingual,ctx_rh_S_oc-temp_med_and_Lingual
21,TOR4,20.683,-45.229,-5.435,19.130787425190647,-58.569526580755024,-22.635296249367116,TOR,4,native_t1_scanner_ras_to_freesurfer_tkr_ras,provisional,not_reviewed,ctx-rh-lingual,ctx_rh_S_oc-temp_med_and_Lingual
21,TOR5,23.875,-46.783,-5.891,22.32278780383251,-60.12352666616104,-23.09129626465571,TOR,5,native_t1_scanner_ras_to_freesurfer_tkr_ras,provisional,not_reviewed,ctx-rh-fusiform,ctx_rh_S_oc-temp_med_and_Lingual
21,TOR6,27.081,-48.182,-6.257,25.528788184164412,-61.52252674225382,-23.45729627452772,TOR,6,native_t1_scanner_ras_to_freesurfer_tkr_ras,provisional,not_reviewed,ctx-rh-fusiform,ctx_rh_S_oc-temp_med_and_Lingual
21,TOR7,30.275,-49.772,-6.091,28.7227885606448,-63.112526829511296,-23.29129625273478,TOR,7,native_t1_scanner_ras_to_freesurfer_tkr_ras,provisional,not_reviewed,ctx-rh-lateraloccipital,ctx_rh_S_occipital_ant
21,TOR8,33.594,-51.204,-6.181,32.041788953343286,-64.5445269071794,-23.381296245734944,TOR,8,native_t1_scanner_ras_to_freesurfer_tkr_ras,provisional,not_reviewed,ctx-rh-lateraloccipital,ctx_rh_S_occipital_ant
21,TOR9,36.728,-52.633,-6.607,35.175789325246654,-65.97352698525592,-23.807296259451476,TOR,9,native_t1_scanner_ras_to_freesurfer_tkr_ras,provisional,not_reviewed,ctx-rh-inferiortemporal,ctx_rh_S_temporal_inf
21,TOR10,39.911,-54.132,-7.05,38.35878970289369,-67.47252706739856,-24.250296273998742,TOR,10,native_t1_scanner_ras_to_freesurfer_tkr_ras,provisional,not_reviewed,ctx-rh-inferiortemporal,ctx_rh_S_temporal_inf
21,TOR11,43.124,-55.689,-7.507,41.57179008403577,-69.02952715293496,-24.707296289268697,TOR,11,native_t1_scanner_ras_to_freesurfer_tkr_ras,provisional,not_reviewed,ctx-rh-inferiortemporal,ctx_rh_G_temporal_inf
21,TOR12,46.797,-57.148,-7.956,45.24479052020965,-70.48852723155535,-25.15629630234818,TOR,12,native_t1_scanner_ras_to_freesurfer_tkr_ras,provisional,not_reviewed,ctx-rh-inferiortemporal,ctx_rh_G_temporal_inf
23,ACL1,-5.822,43.371,5.152,-3.807335708731671,34.47934087712696,43.81697280395356,ACL,1,native_t1_scanner_ras_to_freesurfer_tkr_ras,provisional,not_reviewed,ctx-lh-rostralanteriorcingulate,ctx_lh_G_and_S_cingul-Ant
23,ACL2,-9.304,43.414,6.478,-7.289335291096279,34.522340867523155,45.142972645882054,ACL,2,native_t1_scanner_ras_to_freesurfer_tkr_ras,provisional,not_reviewed,ctx-lh-rostralanteriorcingulate,ctx_lh_G_and_S_cingul-Ant
23,ACL3,-13.777,43.075,7.551,-11.76233475649613,34.18334090277,46.2159725179705,ACL,3,native_t1_scanner_ras_to_freesurfer_tkr_ras,provisional,not_reviewed,ctx-lh-rostralanteriorcingulate,ctx_lh_G_and_S_cingul-Ant
23,ACL4,-16.24,43.36,8.287,-14.225334460990211,34.46834086581603,46.95197243023247,ACL,4,native_t1_scanner_ras_to_freesurfer_tkr_ras,provisional,not_reviewed,ctx-lh-rostralanteriorcingulate,ctx_lh_G_and_S_cingul-Ant
23,ACL5,-19.721,43.404,9.613,-17.706334043472197,34.51234085609397,48.27797227216098,ACL,5,native_t1_scanner_ras_to_freesurfer_tkr_ras,provisional,not_reviewed,ctx-lh-rostralanteriorcingulate,ctx_lh_G_and_S_cingul-Ant
23,ACL6,-23.203,43.447,10.938,-21.188333625838652,34.555340846491106,49.60297211420868,ACL,6,native_t1_scanner_ras_to_freesurfer_tkr_ras,provisional,not_reviewed,ctx-lh-rostralmiddlefrontal,ctx_lh_S_front_middle
23,ACL7,-26.215,43.021,12.075,-24.20033326544359,34.12934089341019,50.73997197866774,ACL,7,native_t1_scanner_ras_to_freesurfer_tkr_ras,provisional,not_reviewed,ctx-lh-rostralmiddlefrontal,ctx_lh_S_front_middle
23,ACL8,-29.713,42.624,13.191,-27.698332847098726,33.73234093643916,51.855971845630194,ACL,8,native_t1_scanner_ras_to_freesurfer_tkr_ras,provisional,not_reviewed,ctx-lh-rostralmiddlefrontal,ctx_lh_S_front_middle
23,ACL9,-32.708,42.639,14.537,-30.69333248753233,33.747340930608146,53.20197168517451,ACL,9,native_t1_scanner_ras_to_freesurfer_tkr_ras,provisional,not_reviewed,ctx-lh-rostralmiddlefrontal,ctx_lh_S_front_middle
23,ACL10,-36.694,42.271,15.632,-34.6793320109993,33.3793409697451,54.29697155464035,ACL,10,native_t1_scanner_ras_to_freesurfer_tkr_ras,provisional,not_reviewed,ctx-lh-rostralmiddlefrontal,ctx_lh_S_front_middle
23,ACL11,-39.688,42.286,16.978,-37.67333165155213,33.39434096391503,55.64297139418467,ACL,11,native_t1_scanner_ras_to_freesurfer_tkr_ras,provisional,not_reviewed,ctx-lh-rostralmiddlefrontal,ctx_lh_S_front_middle
23,ACL12,-43.187,41.889,18.093,-41.17233123308992,32.997341006944,56.75797126126632,ACL,12,native_t1_scanner_ras_to_freesurfer_tkr_ras,provisional,not_reviewed,ctx-lh-rostralmiddlefrontal,ctx_lh_G_front_middle
23,ACR1,3.296,44.223,-0.781,5.31066319482926,35.33134078957798,37.88397351122218,ACR,1,native_t1_scanner_ras_to_freesurfer_tkr_ras,provisional,not_reviewed,ctx-rh-rostralanteriorcingulate,ctx_rh_S_pericallosal
23,ACR2,6.66,43.723,-0.003,8.674662794341614,34.83134085159102,38.66197341847737,ACR,2,native_t1_scanner_ras_to_freesurfer_tkr_ras,provisional,not_reviewed,ctx-rh-rostralanteriorcingulate,ctx_rh_S_pericallosal
23,ACR3,10.024,43.223,0.776,12.038662393855844,34.33134091360313,39.44097332561334,ACR,3,native_t1_scanner_ras_to_freesurfer_tkr_ras,provisional,not_reviewed,ctx-rh-rostralanteriorcingulate,ctx_rh_G_and_S_cingul-Ant
23,ACR4,12.901,42.751,1.533,14.915662051435362,33.85934097184429,40.19797323537192,ACR,4,native_t1_scanner_ras_to_freesurfer_tkr_ras,provisional,not_reviewed,Right-Caudate,Right-Caudate
23,ACR5,17.318,43.373,2.142,19.3326615271628,34.48134090124262,40.806973162773474,ACR,5,native_t1_scanner_ras_to_freesurfer_tkr_ras,provisional,not_reviewed,ctx-rh-insula,ctx_rh_S_circular_insula_sup
23,ACR6,20.178,42.461,2.689,22.192661185570955,33.569341012115615,41.353973097566,ACR,6,native_t1_scanner_ras_to_freesurfer_tkr_ras,provisional,not_reviewed,ctx-rh-parstriangularis,ctx_rh_S_circular_insula_sup
23,ACR7,23.576,42.842,3.887,25.590660783427865,33.95034096874579,42.551972954753296,ACR,7,native_t1_scanner_ras_to_freesurfer_tkr_ras,provisional,not_reviewed,ctx-rh-parstriangularis,ctx_rh_S_circular_insula_sup
23,ACR8,27.427,42.312,4.686,29.441660324869417,33.42034103476911,43.35097285950508,ACR,8,native_t1_scanner_ras_to_freesurfer_tkr_ras,provisional,not_reviewed,ctx-rh-parstriangularis,ctx_rh_S_circular_insula_sup
23,ACR9,31.278,41.783,5.486,33.292659866314665,32.891341100672264,44.15097276413766,ACR,9,native_t1_scanner_ras_to_freesurfer_tkr_ras,provisional,not_reviewed,ctx-rh-parstriangularis,ctx_rh_Lat_Fis-ant-Horizont
23,ACR10,34.676,42.164,6.684,36.690659464171574,33.27234105730244,45.34897262132495,ACR,10,native_t1_scanner_ras_to_freesurfer_tkr_ras,provisional,not_reviewed,ctx-rh-parstriangularis,ctx_rh_G_front_inf-Triangul
23,ACR11,37.598,41.991,6.81,39.612659115759556,33.099341080529626,45.474972606304576,ACR,11,native_t1_scanner_ras_to_freesurfer_tkr_ras,provisional,not_reviewed,ctx-rh-parstriangularis,ctx_rh_G_front_inf-Triangul
23,ACR12,41.449,41.462,7.609,43.463658657202956,32.57034114643375,46.27397251105637,ACR,12,native_t1_scanner_ras_to_freesurfer_tkr_ras,provisional,not_reviewed,ctx-rh-parsopercularis,ctx_rh_G_front_inf-Triangul
23,AHL1,-27.126,2.561,-33.552,-25.111333316015873,-6.33065424173752,5.112977417829342,AHL,1,native_t1_scanner_ras_to_freesurfer_tkr_ras,provisional,not_reviewed,Left-Hippocampus,Left-Hippocampus
23,AHL2,-30.473,3.502,-34.121,-28.45833291635691,-5.389654356500657,4.5439774856594255,AHL,2,native_t1_scanner_ras_to_freesurfer_tkr_ras,provisional,not_reviewed,Left-Hippocampus,Left-Hippocampus
23,AHL3,-33.333,4.414,-34.668,-31.318332574765066,-4.477654467373668,3.9969775508669017,AHL,3,native_t1_scanner_ras_to_freesurfer_tkr_ras,provisional,not_reviewed,Left-Hippocampus,Left-Hippocampus
23,AHL4,-37.105,6.123,-35.679,-35.09033212385731,-2.7686546736736943,2.9859776713874737,AHL,4,native_t1_scanner_ras_to_freesurfer_tkr_ras,provisional,not_reviewed,Left-Hippocampus,Left-Hippocampus
23,AHL5,-39.982,6.595,-36.436,-37.9673317814368,-2.2966547319148845,2.2289777616288973,AHL,5,native_t1_scanner_ras_to_freesurfer_tkr_ras,provisional,not_reviewed,ctx-lh-fusiform,ctx_lh_S_collat_transv_ant
23,AHL6,-43.816,7.564,-37.026,-41.801331323710684,-1.3276548504498749,1.6389778319623645,AHL,6,native_t1_scanner_ras_to_freesurfer_tkr_ras,provisional,not_reviewed,ctx-lh-fusiform,ctx_lh_S_collat_transv_ant
23,AHL7,-47.163,8.505,-37.594,-45.14833092404987,-0.3866549652139497,1.0709778996732382,AHL,7,native_t1_scanner_ras_to_freesurfer_tkr_ras,provisional,not_reviewed,ctx-lh-middletemporal,ctx_lh_S_temporal_sup
23,AHL8,-50.952,9.774,-38.815,-48.93733047231345,0.8823448811178309,-0.15002195477222813,AHL,8,native_t1_scanner_ras_to_freesurfer_tkr_ras,provisional,not_reviewed,ctx-lh-middletemporal,ctx_lh_S_temporal_sup
23,AHL9,-53.829,10.246,-39.572,-51.814330129892966,1.3543448228766692,-0.9070218645308046,AHL,9,native_t1_scanner_ras_to_freesurfer_tkr_ras,provisional,not_reviewed,ctx-lh-middletemporal,ctx_lh_S_temporal_sup
23,AHL10,-57.646,11.656,-39.951,-55.6313296729918,2.7643446515897097,-1.2860218193504807,AHL,10,native_t1_scanner_ras_to_freesurfer_tkr_ras,provisional,not_reviewed,ctx-lh-middletemporal,ctx_lh_G_temporal_middle
23,AHL11,-60.993,12.597,-40.52,-58.97832927333283,3.7053445368265443,-1.8550217515204395,AHL,11,native_t1_scanner_ras_to_freesurfer_tkr_ras,provisional,not_reviewed,ctx-lh-middletemporal,ctx_lh_G_temporal_middle
23,AHL12,-64.374,12.657,-41.508,-62.35932887201656,3.765344527445336,-2.843021633741671,AHL,12,native_t1_scanner_ras_to_freesurfer_tkr_ras,provisional,not_reviewed,ctx-lh-middletemporal,ctx_lh_G_temporal_middle
23,AHR1,24.181,-0.285,-35.133,26.19566055955073,-9.176653853212144,3.5319776062992077,AHR,1,native_t1_scanner_ras_to_freesurfer_tkr_ras,provisional,not_reviewed,Right-Hippocampus,Right-Hippocampus
23,AHR2,27.528,-1.226,-34.565,29.542660159889905,-10.11765373844807,4.099977538588348,AHR,2,native_t1_scanner_ras_to_freesurfer_tkr_ras,provisional,not_reviewed,Right-Hippocampus,Right-Hippocampus
23,AHR3,30.92,-1.868,-34.628,32.93465975423757,-10.759653658698,4.036977546098527,AHR,3,native_t1_scanner_ras_to_freesurfer_tkr_ras,provisional,not_reviewed,Right-Hippocampus,Right-Hippocampus
23,AHR4,34.312,-2.51,-34.691,36.326659348585224,-11.40165357894793,3.973977553608705,AHR,4,native_t1_scanner_ras_to_freesurfer_tkr_ras,provisional,not_reviewed,Right-Hippocampus,Right-Hippocampus
23,AHR5,37.703,-3.151,-34.754,39.717658943053934,-12.042653499317993,3.910977561118898,AHR,5,native_t1_scanner_ras_to_freesurfer_tkr_ras,provisional,not_reviewed,ctx-rh-fusiform,ctx_rh_S_collat_transv_ant
23,AHR6,41.067,-3.652,-33.975,43.081658542566316,-12.543653437186677,4.689977468254881,AHR,6,native_t1_scanner_ras_to_freesurfer_tkr_ras,provisional,not_reviewed,ctx-rh-inferiortemporal,ctx_rh_S_collat_transv_ant
23,AHR7,44.929,-4.763,-34.227,46.94365807967364,-13.654653300913708,4.4379774982956235,AHR,7,native_t1_scanner_ras_to_freesurfer_tkr_ras,provisional,not_reviewed,ctx-rh-inferiortemporal,ctx_rh_S_collat_transv_ant
23,AHR8,48.338,-4.964,-34.08,50.3526576731945,-13.855653273914669,4.58497748077184,AHR,8,native_t1_scanner_ras_to_freesurfer_tkr_ras,provisional,not_reviewed,ctx-rh-inferiortemporal,ctx_rh_S_temporal_inf
23,AHR9,51.73,-5.606,-34.143,53.74465726754215,-14.497653194164599,4.521977488282033,AHR,9,native_t1_scanner_ras_to_freesurfer_tkr_ras,provisional,not_reviewed,ctx-rh-inferiortemporal,ctx_rh_S_temporal_inf
23,AHR10,55.626,-5.836,-33.975,57.640656802994016,-14.727653163274496,4.689977468254881,AHR,10,native_t1_scanner_ras_to_freesurfer_tkr_ras,provisional,not_reviewed,ctx-rh-inferiortemporal,ctx_rh_S_temporal_inf
23,AHR11,58.973,-6.777,-33.407,60.987656403333204,-15.668653048510421,5.257977400544007,AHR,11,native_t1_scanner_ras_to_freesurfer_tkr_ras,provisional,not_reviewed,ctx-rh-middletemporal,ctx_rh_G_temporal_middle
23,AHR12,62.365,-7.419,-33.47,64.37965599768086,-16.31065296876035,5.1949774080542,AHR,12,native_t1_scanner_ras_to_freesurfer_tkr_ras,provisional,not_reviewed,ctx-rh-middletemporal,ctx_rh_G_temporal_middle
23,AIL1,-32.237,29.398,-25.857,-30.22233264319749,20.506342547116645,12.807976500513973,AIL,1,native_t1_scanner_ras_to_freesurfer_tkr_ras,provisional,not_reviewed,ctx-lh-insula,ctx_lh_G_insular_short
23,AIL2,-31.33,30.205,-23.081,-29.315332744669917,21.313342449174115,15.583976169589022,AIL,2,native_t1_scanner_ras_to_freesurfer_tkr_ras,provisional,not_reviewed,ctx-lh-insula,ctx_lh_G_insular_short
23,AIL3,-30.451,31.154,-19.464,-28.436332840977656,22.26234233349456,19.200975738409085,AIL,3,native_t1_scanner_ras_to_freesurfer_tkr_ras,provisional,not_reviewed,ctx-lh-insula,ctx_lh_S_circular_insula_ant
23,AIL4,-29.555,32.543,-15.637,-27.540332938114034,23.651342165183166,23.027975282195186,AIL,4,native_t1_scanner_ras_to_freesurfer_tkr_ras,provisional,not_reviewed,ctx-lh-insula,ctx_lh_S_circular_insula_ant
23,AIL5,-28.161,33.322,-12.841,-26.146333097655486,24.430342071013428,25.823974948886047,AIL,5,native_t1_scanner_ras_to_freesurfer_tkr_ras,provisional,not_reviewed,ctx-lh-insula,ctx_lh_S_circular_insula_ant
23,AIL6,-27.265,34.711,-9.014,-25.250333194791892,25.819341902702035,29.650974492672148,AIL,6,native_t1_scanner_ras_to_freesurfer_tkr_ras,provisional,not_reviewed,ctx-lh-insula,ctx_lh_S_circular_insula_sup
23,AIL7,-26.861,35.106,-6.469,-24.846333237487727,26.214341853620425,32.19597418928454,AIL,7,native_t1_scanner_ras_to_freesurfer_tkr_ras,provisional,not_reviewed,ctx-lh-insula,ctx_lh_S_circular_insula_sup
23,AIL8,-25.937,36.354,-3.484,-23.92233333978885,27.4623417029278,35.18097383344485,AIL,8,native_t1_scanner_ras_to_freesurfer_tkr_ras,provisional,not_reviewed,ctx-lh-insula,ctx_lh_S_circular_insula_sup
23,AIL9,-24.554,37.714,0.364,-22.539333494994224,28.82234153850746,39.02897337472757,AIL,9,native_t1_scanner_ras_to_freesurfer_tkr_ras,provisional,not_reviewed,ctx-lh-parstriangularis,ctx_lh_S_circular_insula_sup
23,AIL10,-23.188,38.634,4.002,-21.17333364937093,29.74234142671895,42.66697294104422,AIL,10,native_t1_scanner_ras_to_freesurfer_tkr_ras,provisional,not_reviewed,ctx-lh-parstriangularis,ctx_lh_S_circular_insula_sup
23,AIL11,-22.281,39.441,6.777,-20.266333750845234,30.54934132877736,45.44197261023848,AIL,11,native_t1_scanner_ras_to_freesurfer_tkr_ras,provisional,not_reviewed,ctx-lh-superiorfrontal,ctx_lh_G_and_S_cingul-Ant
23,AIL12,-21.878,39.837,9.322,-19.863333793420054,30.945341279575587,47.98697230685087,AIL,12,native_t1_scanner_ras_to_freesurfer_tkr_ras,provisional,not_reviewed,ctx-lh-superiorfrontal,ctx_lh_G_and_S_cingul-Ant
23,AIL13,-20.948,42.107,13.569,-18.93333389221189,33.215341005881356,52.233971800569094,AIL,13,native_t1_scanner_ras_to_freesurfer_tkr_ras,provisional,not_reviewed,ctx-lh-superiorfrontal,ctx_lh_G_and_S_cingul-Ant
23,AIL14,-19.598,42.586,16.996,-17.58333404588285,33.694340946845756,55.6609713920389,AIL,14,native_t1_scanner_ras_to_freesurfer_tkr_ras,provisional,not_reviewed,ctx-lh-superiorfrontal,ctx_lh_G_and_S_cingul-Ant
23,AIL15,-18.702,43.975,20.823,-16.687334143019257,35.083340778534364,59.487970935825004,AIL,15,native_t1_scanner_ras_to_freesurfer_tkr_ras,provisional,not_reviewed,ctx-lh-superiorfrontal,ctx_lh_S_front_sup
23,AL1,-18.703,14.168,-31.334,-16.688334294702344,5.276344380379271,7.330977153423177,AL,1,native_t1_scanner_ras_to_freesurfer_tkr_ras,provisional,not_reviewed,Left-Amygdala,Left-Amygdala
23,AL2,-21.58,14.64,-32.092,-19.56533395228371,5.748344322139019,6.572977243783811,AL,2,native_t1_scanner_ras_to_freesurfer_tkr_ras,provisional,not_reviewed,Left-Amygdala,Left-Amygdala
23,AL3,-25.839,16.378,-33.123,-23.824333443305107,7.486344111947005,5.54197736668857,AL,3,native_t1_scanner_ras_to_freesurfer_tkr_ras,provisional,not_reviewed,Left-Amygdala,Left-Amygdala
23,AL4,-28.195,17.702,-33.44,-26.1803331606109,8.810343952214964,5.224977404477912,AL,4,native_t1_scanner_ras_to_freesurfer_tkr_ras,provisional,not_reviewed,Left-Amygdala,Left-Amygdala
23,AL5,-31.984,18.971,-34.66,-29.969332708872628,10.079343798545807,4.004977549913235,AL,5,native_t1_scanner_ras_to_freesurfer_tkr_ras,provisional,not_reviewed,Left-Amygdala,Left-Amygdala
23,AL6,-35.269,20.652,-35.65,-33.25433231603199,11.760343596017634,3.0149776679304097,AL,6,native_t1_scanner_ras_to_freesurfer_tkr_ras,provisional,not_reviewed,ctx-lh-superiortemporal,ctx_lh_S_circular_insula_inf
23,AL7,-38.599,22.033,-36.008,-36.58433191719982,13.141343428621752,2.656977710607322,AL,7,native_t1_scanner_ras_to_freesurfer_tkr_ras,provisional,not_reviewed,ctx-lh-superiortemporal,ctx_lh_S_circular_insula_inf
23,AL8,-41.459,22.945,-36.556,-39.44433157560982,14.053343317749665,2.1089777759340222,AL,8,native_t1_scanner_ras_to_freesurfer_tkr_ras,provisional,not_reviewed,ctx-lh-superiortemporal,ctx_lh_S_circular_insula_inf
23,AL9,-44.727,25.066,-37.336,-42.712331183597826,16.174343062589656,1.3289778689172493,AL,9,native_t1_scanner_ras_to_freesurfer_tkr_ras,provisional,not_reviewed,ctx-lh-superiortemporal,ctx_lh_G_temp_sup-Lateral
23,AL10,-47.1,25.95,-37.862,-45.08533090007313,17.058342955488513,0.8029779316213137,AL,10,native_t1_scanner_ras_to_freesurfer_tkr_ras,provisional,not_reviewed,ctx-lh-superiortemporal,ctx_lh_G_temp_sup-Lateral
23,AL11,-50.369,28.071,-38.642,-48.35433050794194,19.179342700327567,0.022978024604555003,AL,11,native_t1_scanner_ras_to_freesurfer_tkr_ras,provisional,not_reviewed,ctx-lh-superiortemporal,ctx_lh_G_temp_sup-Lateral
23,AL12,-53.716,29.012,-39.21,-51.7013301082811,20.120342585563492,-0.5450219076845713,AL,12,native_t1_scanner_ras_to_freesurfer_tkr_ras,provisional,not_reviewed,ctx-lh-superiortemporal,ctx_lh_G_temp_sup-Lateral
23,COL1,-42.997,11.06,-5.815,-40.98233135679803,2.168344704489755,32.84997411132167,COL,1,native_t1_scanner_ras_to_freesurfer_tkr_ras,provisional,not_reviewed,ctx-lh-precentral,ctx_lh_S_circular_insula_sup
23,COL2,-46.434,11.403,-5.121,-44.41933094515417,2.511344659753661,33.54397402859044,COL,2,native_t1_scanner_ras_to_freesurfer_tkr_ras,provisional,not_reviewed,ctx-lh-precentral,ctx_lh_S_circular_insula_sup
23,COL3,-49.905,10.865,-4.846,-47.89033053185301,1.973344720399524,33.818973995807895,COL,3,native_t1_scanner_ras_to_freesurfer_tkr_ras,provisional,not_reviewed,ctx-lh-precentral,ctx_lh_G_and_S_subcentral
23,COL4,-53.376,10.327,-4.572,-51.36133011855367,1.4353447810463251,34.092973963144544,COL,4,native_t1_scanner_ras_to_freesurfer_tkr_ras,provisional,not_reviewed,ctx-lh-precentral,ctx_lh_G_and_S_subcentral
23,COL5,-56.801,10.087,-4.929,-54.78632971136693,1.1953448067992554,33.73597400570226,COL,5,native_t1_scanner_ras_to_freesurfer_tkr_ras,provisional,not_reviewed,ctx-lh-postcentral,ctx_lh_G_and_S_subcentral
23,COL6,-60.272,9.549,-4.655,-58.25732929806762,0.657344867446028,34.009973973038925,COL,6,native_t1_scanner_ras_to_freesurfer_tkr_ras,provisional,not_reviewed,ctx-lh-postcentral,ctx_lh_G_and_S_subcentral
23,COL7,-63.256,8.982,-4.359,-61.241328942835395,0.090344931982969,34.30597393775298,COL,7,native_t1_scanner_ras_to_freesurfer_tkr_ras,provisional,not_reviewed,ctx-lh-postcentral,ctx_lh_G_and_S_subcentral
23,COL8,-67.701,8.501,-4.127,-65.68632841339996,-0.39065501503317535,34.537973910096426,COL,8,native_t1_scanner_ras_to_freesurfer_tkr_ras,provisional,not_reviewed,ctx-lh-postcentral,ctx_lh_G_and_S_subcentral
23,FOL1,-28.703,33.963,0.62,-26.688333006795716,25.071341981558987,39.28497334420999,FOL,1,native_t1_scanner_ras_to_freesurfer_tkr_ras,provisional,not_reviewed,ctx-lh-parstriangularis,ctx_lh_S_circular_insula_sup
23,FOL2,-32.146,33.284,0.053,-30.13133259865927,24.39234205982359,38.71797341180165,FOL,2,native_t1_scanner_ras_to_freesurfer_tkr_ras,provisional,not_reviewed,ctx-lh-parsopercularis,ctx_lh_S_circular_insula_sup
23,FOL3,-35.572,33.044,-0.304,-33.55733219135331,24.152342085575583,38.36097345435937,FOL,3,native_t1_scanner_ras_to_freesurfer_tkr_ras,provisional,not_reviewed,ctx-lh-parsopercularis,ctx_lh_G_front_inf-Opercular
23,FOL4,-38.981,33.246,-0.451,-36.966331784872324,24.35434205845735,38.21397347188312,FOL,4,native_t1_scanner_ras_to_freesurfer_tkr_ras,provisional,not_reviewed,ctx-lh-parsopercularis,ctx_lh_Lat_Fis-ant-Vertical
23,FOL5,-42.39,33.447,-0.598,-40.375331378393184,24.55534203145831,38.06697348940689,FOL,5,native_t1_scanner_ras_to_freesurfer_tkr_ras,provisional,not_reviewed,ctx-lh-parsopercularis,ctx_lh_Lat_Fis-ant-Vertical
23,FOL6,-46.303,33.236,-0.976,-44.28833091301823,24.344342053319224,37.68897353446799,FOL,6,native_t1_scanner_ras_to_freesurfer_tkr_ras,provisional,not_reviewed,ctx-lh-parsopercularis,ctx_lh_G_front_inf-Opercular
23,FOL7,-49.728,32.997,-1.333,-47.713330505829646,24.105342078952958,37.33197357702571,FOL,7,native_t1_scanner_ras_to_freesurfer_tkr_ras,provisional,not_reviewed,ctx-lh-parsopercularis,ctx_lh_G_front_inf-Opercular
23,FOL8,-53.182,32.9,-0.848,-51.167330093355275,24.00834208684779,37.81697351920921,FOL,8,native_t1_scanner_ras_to_freesurfer_tkr_ras,provisional,not_reviewed,ctx-lh-parsopercularis,ctx_lh_G_front_inf-Opercular
23,IPL1,-36.179,12.624,-25.547,-34.164332203452915,3.732344542773035,13.117976463559103,IPL,1,native_t1_scanner_ras_to_freesurfer_tkr_ras,provisional,not_reviewed,ctx-lh-insula,ctx_lh_S_circular_insula_inf
23,IPL2,-35.419,10.489,-23.399,-33.40433229396561,1.5973447959921714,15.265976207497573,IPL,2,native_t1_scanner_ras_to_freesurfer_tkr_ras,provisional,not_reviewed,ctx-lh-insula,ctx_lh_S_circular_insula_inf
23,IPL3,-35.145,8.383,-21.273,-33.13033232653041,-0.508654954677894,17.391975954058665,IPL,3,native_t1_scanner_ras_to_freesurfer_tkr_ras,provisional,not_reviewed,ctx-lh-insula,ctx_lh_S_circular_insula_inf
23,IPL4,-34.385,6.248,-19.126,-32.37033241704498,-2.6436547014578338,19.538975698116346,IPL,4,native_t1_scanner_ras_to_freesurfer_tkr_ras,provisional,not_reviewed,Left-Putamen,Left-Putamen
23,IPL5,-33.669,3.814,-16.347,-31.65433250168536,-5.077654413223783,22.317975366833764,IPL,5,native_t1_scanner_ras_to_freesurfer_tkr_ras,provisional,not_reviewed,Left-Putamen,Left-Putamen
23,IPL6,-32.987,0.499,-13.989,-30.97233258467216,-8.392654019605928,24.6759750857383,IPL,6,native_t1_scanner_ras_to_freesurfer_tkr_ras,provisional,not_reviewed,Left-Putamen,Left-Putamen
23,IPL7,-32.272,-1.935,-11.21,-30.257332669193346,-10.8266537313728,27.45497475445572,IPL,7,native_t1_scanner_ras_to_freesurfer_tkr_ras,provisional,not_reviewed,Left-Putamen,Left-Putamen
23,IPL8,-31.511,-4.071,-9.063,-29.49633275982893,-12.962653478032607,29.6019744985134,IPL,8,native_t1_scanner_ras_to_freesurfer_tkr_ras,provisional,not_reviewed,Left-Putamen,Left-Putamen
23,IPL9,-30.812,-6.945,-6.494,-28.797332843640675,-15.83665313716672,32.17097419226478,IPL,9,native_t1_scanner_ras_to_freesurfer_tkr_ras,provisional,not_reviewed,ctx-lh-insula,ctx_lh_Lat_Fis-post
23,IPL10,-30.052,-9.08,-4.347,-28.037332934155245,-17.97165288394666,34.31797393632246,IPL,10,native_t1_scanner_ras_to_freesurfer_tkr_ras,provisional,not_reviewed,ctx-lh-insula,ctx_lh_Lat_Fis-post
23,IPL11,-29.779,-11.187,-2.221,-27.764332966602666,-20.078652634498454,36.44397368288354,IPL,11,native_t1_scanner_ras_to_freesurfer_tkr_ras,provisional,not_reviewed,Left-Caudate,Left-Caudate
23,IPL12,-28.089,-13.678,0.6,-26.074333167379166,-22.569652338601486,39.264973346594175,IPL,12,native_t1_scanner_ras_to_freesurfer_tkr_ras,provisional,not_reviewed,Left-Caudate,Left-Caudate
23,IPL13,-28.319,-16.196,2.495,-26.304333141048176,-25.087652040411584,41.1599731206926,IPL,13,native_t1_scanner_ras_to_freesurfer_tkr_ras,provisional,not_reviewed,Left-Caudate,Left-Caudate
23,IPL14,-27.649,-18.93,5.905,-25.634333219579673,-27.821651717045256,44.56997271418898,IPL,14,native_t1_scanner_ras_to_freesurfer_tkr_ras,provisional,not_reviewed,ctx-lh-posteriorcingulate,ctx_lh_S_cingul-Marginalis
23,IPL15,-26.95,-21.804,8.473,-24.935333303393293,-30.695651376178432,47.137972408059554,IPL,15,native_t1_scanner_ras_to_freesurfer_tkr_ras,provisional,not_reviewed,ctx-lh-posteriorcingulate,ctx_lh_S_cingul-Marginalis
23,IPR1,35.351,8.68,-20.777,37.36565927116095,-0.21165492489049598,17.88797589493086,IPR,1,native_t1_scanner_ras_to_freesurfer_tkr_ras,provisional,not_reviewed,ctx-rh-insula,ctx_rh_S_circular_insula_inf
23,IPR2,34.153,7.242,-17.663,36.1676594171373,-1.6496547574834182,21.00197552371317,IPR,2,native_t1_scanner_ras_to_freesurfer_tkr_ras,provisional,not_reviewed,ctx-rh-insula,ctx_rh_S_circular_insula_inf
23,IPR3,32.938,5.363,-14.758,34.95265956394233,-3.528654537326233,23.90697517741023,IPR,3,native_t1_scanner_ras_to_freesurfer_tkr_ras,provisional,not_reviewed,ctx-rh-insula,ctx_rh_S_circular_insula_inf
23,IPR4,32.254,3.755,-12.464,34.26865964680604,-5.136654348411199,26.200974903944143,IPR,4,native_t1_scanner_ras_to_freesurfer_tkr_ras,provisional,not_reviewed,ctx-rh-insula,ctx_rh_G_Ins_lg_and_S_cent_ins
23,IPR5,31.056,2.317,-9.35,33.07065979278241,-6.574654181004121,29.314974532726467,IPR,5,native_t1_scanner_ras_to_freesurfer_tkr_ras,provisional,not_reviewed,ctx-rh-insula,ctx_rh_G_Ins_lg_and_S_cent_ins
23,IPR6,29.84,0.438,-6.445,31.854659939706636,-8.453653960847873,32.21997418642353,IPR,6,native_t1_scanner_ras_to_freesurfer_tkr_ras,provisional,not_reviewed,ctx-rh-insula,ctx_rh_G_Ins_lg_and_S_cent_ins
23,IPR7,28.625,-1.44,-3.541,30.63966008651164,-10.331653740808974,35.123973840239785,IPR,7,native_t1_scanner_ras_to_freesurfer_tkr_ras,provisional,not_reviewed,ctx-rh-insula,ctx_rh_Lat_Fis-post
23,IPR8,27.427,-2.879,-0.426,29.441660232488033,-11.77065357328361,38.2389734689029,IPR,8,native_t1_scanner_ras_to_freesurfer_tkr_ras,provisional,not_reviewed,ctx-rh-insula,ctx_rh_Lat_Fis-post
23,IPR9,26.211,-4.757,2.478,28.225660379412233,-13.648653353245649,41.142973122719155,IPR,9,native_t1_scanner_ras_to_freesurfer_tkr_ras,provisional,not_reviewed,ctx-rh-insula,ctx_rh_Lat_Fis-post
23,IPR10,24.996,-6.636,5.383,27.010660526217265,-15.527653133088464,44.047972776416216,IPR,10,native_t1_scanner_ras_to_freesurfer_tkr_ras,provisional,not_reviewed,ctx-rh-insula,ctx_rh_Lat_Fis-post
23,IPR11,23.797,-8.074,8.497,25.811660672312826,-16.965652965682324,47.161972405198526,IPR,11,native_t1_scanner_ras_to_freesurfer_tkr_ras,provisional,not_reviewed,ctx-rh-insula,ctx_rh_Lat_Fis-post
23,IPR12,22.599,-9.512,11.611,24.61366081828919,-18.403652798275246,50.27597203398085,IPR,12,native_t1_scanner_ras_to_freesurfer_tkr_ras,provisional,not_reviewed,ctx-rh-precentral,ctx_rh_S_central
23,IPR13,21.367,-11.831,14.306,23.381660965922862,-20.72265252548624,52.970971712711844,IPR,13,native_t1_scanner_ras_to_freesurfer_tkr_ras,provisional,not_reviewed,ctx-rh-precentral,ctx_rh_S_central
23,IPR14,20.717,-12.558,17.02,22.731661047131126,-21.449652441954058,55.684971389177875,IPR,14,native_t1_scanner_ras_to_freesurfer_tkr_ras,provisional,not_reviewed,ctx-rh-precentral,ctx_rh_S_central
23,IPR15,19.502,-14.437,19.924,21.516661193934283,-23.32865222179595,58.588971042994146,IPR,15,native_t1_scanner_ras_to_freesurfer_tkr_ras,provisional,not_reviewed,ctx-rh-precentral,ctx_rh_S_central
23,PCL1,-8.631,-25.446,-1.264,-6.616335512002337,-34.33765091588907,37.40097356880027,PCL,1,native_t1_scanner_ras_to_freesurfer_tkr_ras,provisional,not_reviewed,ctx-lh-isthmuscingulate,ctx_lh_G_cingul-Post-dorsal
23,PCL2,-12.005,-24.364,-0.991,-9.990335107297852,-33.25565104827004,37.67397353625614,PCL,2,native_t1_scanner_ras_to_freesurfer_tkr_ras,provisional,not_reviewed,ctx-lh-isthmuscingulate,ctx_lh_S_pericallosal
23,PCL3,-14.893,-23.31,-0.697,-12.878334760541293,-32.20165117688009,37.967973501208604,PCL,3,native_t1_scanner_ras_to_freesurfer_tkr_ras,provisional,not_reviewed,ctx-lh-isthmuscingulate,ctx_lh_S_pericallosal
23,PCL4,-18.268,-22.228,-0.425,-16.25333435571946,-31.11965130926106,38.23997346878369,PCL,4,native_t1_scanner_ras_to_freesurfer_tkr_ras,provisional,not_reviewed,ctx-lh-isthmuscingulate,ctx_lh_S_pericallosal
23,PCL5,-21.643,-21.145,-0.152,-19.628333950893932,-30.03665144176216,38.51297343623955,PCL,5,native_t1_scanner_ras_to_freesurfer_tkr_ras,provisional,not_reviewed,ctx-lh-isthmuscingulate,ctx_lh_S_pericallosal
23,PCL6,-25.063,-20.362,0.752,-23.048333540078715,-29.25365153913006,39.41697332847437,PCL,6,native_t1_scanner_ras_to_freesurfer_tkr_ras,provisional,not_reviewed,ctx-lh-posteriorcingulate,ctx_lh_S_cingul-Marginalis
23,PCL7,-28.438,-19.28,1.025,-26.423333135255007,-28.171651671511967,39.68997329593023,PCL,7,native_t1_scanner_ras_to_freesurfer_tkr_ras,provisional,not_reviewed,Left-Caudate,Left-Caudate
23,PCL8,-31.813,-18.198,1.298,-29.798332730431298,-27.089651803893858,39.962973263386104,PCL,8,native_t1_scanner_ras_to_freesurfer_tkr_ras,provisional,not_reviewed,ctx-lh-supramarginal,ctx_lh_Lat_Fis-post
23,PCL9,-35.188,-17.115,1.571,-33.17333232560577,-26.006651936394974,40.23597323084198,PCL,9,native_t1_scanner_ras_to_freesurfer_tkr_ras,provisional,not_reviewed,ctx-lh-supramarginal,ctx_lh_Lat_Fis-post
23,PCL10,-38.563,-16.033,1.844,-36.54833192078209,-24.92465206877688,40.50897319829784,PCL,10,native_t1_scanner_ras_to_freesurfer_tkr_ras,provisional,not_reviewed,ctx-lh-supramarginal,ctx_lh_Lat_Fis-post
23,PCL11,-41.938,-14.95,2.117,-39.92333151595656,-23.84165220127798,40.78197316575371,PCL,11,native_t1_scanner_ras_to_freesurfer_tkr_ras,provisional,not_reviewed,ctx-lh-supramarginal,ctx_lh_Lat_Fis-post
23,PCL12,-45.268,-13.569,1.758,-43.25333111712624,-22.460652368672953,40.422973208549834,PCL,12,native_t1_scanner_ras_to_freesurfer_tkr_ras,provisional,not_reviewed,ctx-lh-supramarginal,ctx_lh_Lat_Fis-post
23,PCL13,-48.643,-12.487,2.031,-46.62833071230256,-21.378652501054844,40.69597317600571,PCL,13,native_t1_scanner_ras_to_freesurfer_tkr_ras,provisional,not_reviewed,ctx-lh-supramarginal,ctx_lh_S_postcentral
23,PCL14,-52.018,-11.404,2.304,-50.003330307477,-20.29565263355596,40.96897314346157,PCL,14,native_t1_scanner_ras_to_freesurfer_tkr_ras,provisional,not_reviewed,ctx-lh-supramarginal,ctx_lh_S_postcentral
23,PCL15,-55.376,-9.881,2.787,-53.36132990348011,-18.772652818688897,41.451973085883495,PCL,15,native_t1_scanner_ras_to_freesurfer_tkr_ras,provisional,not_reviewed,ctx-lh-supramarginal,ctx_lh_S_postcentral
23,PCR1,1.444,-27.388,0.861,3.4586632873616026,-36.27965067698065,39.525973315480556,PCR,1,native_t1_scanner_ras_to_freesurfer_tkr_ras,provisional,not_reviewed,ctx-rh-isthmuscingulate,ctx_rh_G_cingul-Post-dorsal
23,PCR2,5.357,-27.177,1.239,7.371662821986661,-36.06865069884158,39.903973270419456,PCR,2,native_t1_scanner_ras_to_freesurfer_tkr_ras,provisional,not_reviewed,ctx-rh-isthmuscingulate,ctx_rh_S_subparietal
23,PCR3,8.766,-27.379,1.386,10.780662415505674,-36.27065067172333,40.05097325289569,PCR,3,native_t1_scanner_ras_to_freesurfer_tkr_ras,provisional,not_reviewed,ctx-rh-isthmuscingulate,ctx_rh_S_subparietal
23,PCR4,12.192,-27.14,1.743,14.206662008197881,-36.03165069735613,40.40797321033797,PCR,4,native_t1_scanner_ras_to_freesurfer_tkr_ras,provisional,not_reviewed,ctx-rh-isthmuscingulate,ctx_rh_S_subparietal
23,PCR5,16.105,-26.929,2.121,18.11966154282294,-35.82065071921704,40.78597316527687,PCR,5,native_t1_scanner_ras_to_freesurfer_tkr_ras,provisional,not_reviewed,ctx-rh-isthmuscingulate,ctx_rh_S_subparietal
23,PCR6,19.53,-26.69,2.478,21.544661135634357,-35.581650744850776,41.142973122719155,PCR,6,native_t1_scanner_ras_to_freesurfer_tkr_ras,provisional,not_reviewed,Unknown,Unknown
23,PCR7,22.956,-26.451,2.835,24.97066072832655,-35.34265077048356,41.49997308016145,PCR,7,native_t1_scanner_ras_to_freesurfer_tkr_ras,provisional,not_reviewed,ctx-rh-superiorparietal,ctx_rh_S_postcentral
23,PCR8,26.365,-26.652,2.982,28.37966032184741,-35.54365074348452,41.646973062637684,PCR,8,native_t1_scanner_ras_to_freesurfer_tkr_ras,provisional,not_reviewed,ctx-rh-superiorparietal,ctx_rh_S_postcentral
23,PCR9,29.791,-26.413,3.339,31.805659914539604,-35.304650769117316,42.00397302007997,PCR,9,native_t1_scanner_ras_to_freesurfer_tkr_ras,provisional,not_reviewed,ctx-rh-superiorparietal,ctx_rh_S_postcentral
23,PCR10,33.172,-26.473,4.327,35.18665951322333,-35.364650759736094,42.991972902301214,PCR,10,native_t1_scanner_ras_to_freesurfer_tkr_ras,provisional,not_reviewed,ctx-rh-supramarginal,ctx_rh_S_postcentral
23,PCR11,36.598,-26.233,4.684,38.61265910591736,-35.1246507854881,43.3489728597435,PCR,11,native_t1_scanner_ras_to_freesurfer_tkr_ras,provisional,not_reviewed,ctx-rh-inferiorparietal,ctx_rh_S_temporal_sup
23,PCR12,40.511,-26.023,5.062,42.5256586405406,-34.91465080722982,43.7269728146824,PCR,12,native_t1_scanner_ras_to_freesurfer_tkr_ras,provisional,not_reviewed,ctx-rh-supramarginal,ctx_rh_S_temporal_sup
23,PCR13,43.953,-25.343,5.629,45.967658232525196,-34.23465088561457,44.293972747090734,PCR,13,native_t1_scanner_ras_to_freesurfer_tkr_ras,provisional,not_reviewed,ctx-rh-supramarginal,ctx_rh_G_pariet_inf-Angular
23,PCR14,46.847,-25.374,6.596,48.86165788927789,-34.265650880124426,45.26097263181536,PCR,14,native_t1_scanner_ras_to_freesurfer_tkr_ras,provisional,not_reviewed,ctx-rh-supramarginal,ctx_rh_G_pariet_inf-Angular
23,PCR15,50.743,-25.605,6.764,52.75765742472794,-34.49665084911513,45.42897261178821,PCR,15,native_t1_scanner_ras_to_freesurfer_tkr_ras,provisional,not_reviewed,ctx-rh-supramarginal,ctx_rh_G_pariet_inf-Angular
23,PHL1,-32.387,-9.58,-30.365,-30.372332705180668,-18.47165280228552,8.299977037909386,PHL,1,native_t1_scanner_ras_to_freesurfer_tkr_ras,provisional,not_reviewed,Left-Hippocampus,Left-Hippocampus
23,PHL2,-35.795,-9.379,-30.512,-33.780332298820724,-18.27065282928362,8.152977055433155,PHL,2,native_t1_scanner_ras_to_freesurfer_tkr_ras,provisional,not_reviewed,Left-Hippocampus,Left-Hippocampus
23,PHL3,-39.16,-8.879,-31.29,-37.14533189821387,-17.770652891297587,7.374977148177976,PHL,3,native_t1_scanner_ras_to_freesurfer_tkr_ras,provisional,not_reviewed,Left-Hippocampus,Left-Hippocampus
23,PHL4,-42.585,-9.118,-31.647,-40.570331491025286,-18.009652865663867,7.017977190735678,PHL,4,native_t1_scanner_ras_to_freesurfer_tkr_ras,provisional,not_reviewed,ctx-lh-fusiform,ctx_lh_S_oc-temp_med_and_Lingual
23,PHL5,-45.949,-8.617,-32.425,-43.93433109053581,-17.50865292779612,6.239977283480499,PHL,5,native_t1_scanner_ras_to_freesurfer_tkr_ras,provisional,not_reviewed,ctx-lh-middletemporal,ctx_lh_S_temporal_sup
23,PHL6,-49.375,-8.857,-32.782,-47.36033068322985,-17.748652902044114,5.882977326038201,PHL,6,native_t1_scanner_ras_to_freesurfer_tkr_ras,provisional,not_reviewed,ctx-lh-middletemporal,ctx_lh_S_temporal_sup
23,PHL7,-53.226,-8.328,-33.582,-51.211330224675095,-17.219652967947297,5.08297742140563,PHL,7,native_t1_scanner_ras_to_freesurfer_tkr_ras,provisional,not_reviewed,ctx-lh-middletemporal,ctx_lh_S_temporal_sup
23,PHL8,-56.59,-7.827,-34.36,-54.575329824185644,-16.718653030079537,4.304977514150437,PHL,8,native_t1_scanner_ras_to_freesurfer_tkr_ras,provisional,not_reviewed,ctx-lh-middletemporal,ctx_lh_S_temporal_inf
23,PHL9,-60.52,-8.478,-34.948,-58.50532935798205,-17.369652955586773,3.716977584245498,PHL,9,native_t1_scanner_ras_to_freesurfer_tkr_ras,provisional,not_reviewed,ctx-lh-middletemporal,ctx_lh_S_temporal_inf
23,PHL10,-63.867,-7.537,-35.516,-61.85232895832121,-16.428653070350848,3.1489776519563577,PHL,10,native_t1_scanner_ras_to_freesurfer_tkr_ras,provisional,not_reviewed,ctx-lh-middletemporal,ctx_lh_G_temporal_middle
23,PHL11,-67.735,-7.448,-36.525,-65.720328498936,-16.339653083623134,2.139977772238524,PHL,11,native_t1_scanner_ras_to_freesurfer_tkr_ras,provisional,not_reviewed,ctx-lh-middletemporal,ctx_lh_G_temporal_middle
23,PHL12,-71.205,-7.987,-36.251,-69.1903280857577,-16.8786530228562,2.413977739575188,PHL,12,native_t1_scanner_ras_to_freesurfer_tkr_ras,provisional,not_reviewed,ctx-lh-middletemporal,ctx_lh_G_temporal_middle
23,POL1,-39.342,-16.965,-4.087,-37.327331840674276,-25.85665195287565,34.57797390532805,POL,1,native_t1_scanner_ras_to_freesurfer_tkr_ras,provisional,not_reviewed,ctx-lh-supramarginal,ctx_lh_Lat_Fis-post
23,POL2,-42.823,-16.922,-2.761,-40.80833142315805,-25.813651962478517,35.90397374725656,POL,2,native_t1_scanner_ras_to_freesurfer_tkr_ras,provisional,not_reviewed,ctx-lh-supramarginal,ctx_lh_Lat_Fis-post
23,POL3,-46.826,-17.73,-1.877,-44.81133094579826,-26.621651870708803,36.78797364187555,POL,3,native_t1_scanner_ras_to_freesurfer_tkr_ras,provisional,not_reviewed,ctx-lh-supramarginal,ctx_lh_Lat_Fis-post
23,POL4,-49.322,-18.326,-1.56,-47.30733064875426,-27.217651802279875,37.10497360408621,POL,4,native_t1_scanner_ras_to_freesurfer_tkr_ras,provisional,not_reviewed,ctx-lh-supramarginal,ctx_lh_Lat_Fis-post
23,POL5,-52.838,-19.163,-0.655,-50.82333022946341,-28.054651706619097,38.00997349620182,POL,5,native_t1_scanner_ras_to_freesurfer_tkr_ras,provisional,not_reviewed,ctx-lh-supramarginal,ctx_lh_G_pariet_inf-Supramar
23,POL6,-56.275,-18.821,0.04,-54.260329817819525,-27.71265175123689,38.70497341335137,POL,6,native_t1_scanner_ras_to_freesurfer_tkr_ras,provisional,not_reviewed,ctx-lh-supramarginal,ctx_lh_G_pariet_inf-Supramar
23,POL7,-59.791,-19.658,0.945,-57.776329398528674,-28.5496516555761,39.60997330546698,POL,7,native_t1_scanner_ras_to_freesurfer_tkr_ras,provisional,not_reviewed,ctx-lh-supramarginal,ctx_lh_G_pariet_inf-Supramar
23,POL8,-63.244,-19.756,1.429,-61.22932898617722,-28.64765164756021,40.09397324776968,POL,8,native_t1_scanner_ras_to_freesurfer_tkr_ras,provisional,not_reviewed,ctx-lh-supramarginal,ctx_lh_G_pariet_inf-Supramar
23,POL9,-66.743,-20.153,2.545,-64.72832856771316,-29.044651604532177,41.209973114732136,POL,9,native_t1_scanner_ras_to_freesurfer_tkr_ras,provisional,not_reviewed,ctx-lh-supramarginal,ctx_lh_G_pariet_inf-Supramar
23,POL10,-71.188,-20.634,2.777,-69.17332803827776,-29.525651551548307,41.44197308707558,POL,10,native_t1_scanner_ras_to_freesurfer_tkr_ras,provisional,not_reviewed,ctx-lh-supramarginal,ctx_lh_G_pariet_inf-Supramar
42,AHR1,19.75,8.222,-24.602,21.933865672164814,-5.145858160822399,0.6154452747533696,AHR,1,native_t1_scanner_ras_to_freesurfer_tkr_ras,provisional,not_reviewed,Right-Hippocampus,Right-Hippocampus
42,AHR2,22.68,7.801,-23.693,24.8638653237374,-5.566858111311319,1.524445277482144,AHR,2,native_t1_scanner_ras_to_freesurfer_tkr_ras,provisional,not_reviewed,Right-Hippocampus,Right-Hippocampus
42,AHR3,28.199,6.618,-22.681,30.382864666789743,-6.749857970907996,2.536445282622111,AHR,3,native_t1_scanner_ras_to_freesurfer_tkr_ras,provisional,not_reviewed,Right-Hippocampus,Right-Hippocampus
42,AHR4,33.829,5.369,-21.688,36.01286399659358,-7.998857822612706,3.5294452878654567,AHR,4,native_t1_scanner_ras_to_freesurfer_tkr_ras,provisional,not_reviewed,Right-Hippocampus,Right-Hippocampus
42,AHR5,39.503,3.938,-20.514,41.68686332132475,-9.429857652787334,4.703445293149784,AHR,5,native_t1_scanner_ras_to_freesurfer_tkr_ras,provisional,not_reviewed,ctx-rh-superiortemporal,ctx_rh_S_temporal_sup
42,AHR6,45.226,2.541,-19.13,47.40986264040953,-10.826857487207803,6.087445298479736,AHR,6,native_t1_scanner_ras_to_freesurfer_tkr_ras,provisional,not_reviewed,ctx-rh-middletemporal,ctx_rh_S_temporal_sup
42,AHR7,50.903,1.321,-18.257,53.08686196449814,-12.04685734225508,6.9604453037668605,AHR,7,native_t1_scanner_ras_to_freesurfer_tkr_ras,provisional,not_reviewed,ctx-rh-middletemporal,ctx_rh_S_temporal_inf
42,AHR8,56.747,0.023,-16.831,58.93086126919553,-13.344857188509351,8.386445309209506,AHR,8,native_t1_scanner_ras_to_freesurfer_tkr_ras,provisional,not_reviewed,ctx-rh-middletemporal,ctx_rh_G_temporal_middle
42,AHR9,62.713,-1.265,-15.749,64.8968605590288,-14.63285703562822,9.468445314765773,AHR,9,native_t1_scanner_ras_to_freesurfer_tkr_ras,provisional,not_reviewed,ctx-rh-middletemporal,ctx_rh_G_temporal_middle
42,AIR1,28.057,30.679,-20.811,30.240864684933825,17.311139159047798,4.406445282489869,AIR,1,native_t1_scanner_ras_to_freesurfer_tkr_ras,provisional,not_reviewed,ctx-rh-insula,ctx_rh_G_Ins_lg_and_S_cent_ins
42,AIR2,27.08,32.055,-17.971,29.263864804016208,18.687138992314004,7.246445281579966,AIR,2,native_t1_scanner_ras_to_freesurfer_tkr_ras,provisional,not_reviewed,Right-Putamen,Right-Putamen
42,AIR3,26.592,33.873,-14.925,28.775864864987454,20.505138772726326,10.292445281125481,AIR,3,native_t1_scanner_ras_to_freesurfer_tkr_ras,provisional,not_reviewed,Right-Putamen,Right-Putamen
42,AIR4,25.615,35.692,-11.88,27.798864984251082,22.32413855299191,13.337445280215576,AIR,4,native_t1_scanner_ras_to_freesurfer_tkr_ras,provisional,not_reviewed,Right-Putamen,Right-Putamen
42,AIR5,24.638,37.51,-8.834,26.821865103515677,24.142138333375783,16.383445279305676,AIR,5,native_t1_scanner_ras_to_freesurfer_tkr_ras,provisional,not_reviewed,Right-Putamen,Right-Putamen
42,AIR6,23.66,38.886,-5.994,25.84386522271727,25.518138166641933,19.22344527839485,AIR,6,native_t1_scanner_ras_to_freesurfer_tkr_ras,provisional,not_reviewed,Right-Putamen,Right-Putamen
42,AIR7,22.683,40.261,-3.153,24.866865341800604,26.893138000026426,22.064445277484936,AIR,7,native_t1_scanner_ras_to_freesurfer_tkr_ras,provisional,not_reviewed,Right-Putamen,Right-Putamen
42,AIR8,21.706,42.08,-0.108,23.889865461064232,28.712137780291982,25.109445276575045,AIR,8,native_t1_scanner_ras_to_freesurfer_tkr_ras,provisional,not_reviewed,Right-Caudate,Right-Caudate
42,AIR9,21.218,43.898,2.938,23.401865522035493,30.530137560704333,28.15544527612056,AIR,9,native_t1_scanner_ras_to_freesurfer_tkr_ras,provisional,not_reviewed,Right-Caudate,Right-Caudate
42,AIR10,20.241,45.717,5.983,22.42486564129912,32.34913734096989,31.200445275210654,AIR,10,native_t1_scanner_ras_to_freesurfer_tkr_ras,provisional,not_reviewed,Right-Caudate,Right-Caudate
42,AIR11,19.264,47.092,8.824,21.447865760382456,33.72413717435438,34.04144527430074,AIR,11,native_t1_scanner_ras_to_freesurfer_tkr_ras,provisional,not_reviewed,Right-Caudate,Right-Caudate
42,AIR12,18.287,48.91,11.869,20.470865879646112,35.54213695473919,37.08644527339085,AIR,12,native_t1_scanner_ras_to_freesurfer_tkr_ras,provisional,not_reviewed,ctx-rh-rostralmiddlefrontal,ctx_rh_S_front_sup
42,AIR13,17.798,50.286,14.71,19.98186594055531,36.91813678803288,39.92744527293543,AIR,13,native_t1_scanner_ras_to_freesurfer_tkr_ras,provisional,not_reviewed,ctx-rh-rostralmiddlefrontal,ctx_rh_S_front_sup
42,AIR14,16.821,52.104,17.755,19.004866059818966,38.73613656841766,42.972445272025524,AIR,14,native_t1_scanner_ras_to_freesurfer_tkr_ras,provisional,not_reviewed,ctx-rh-rostralmiddlefrontal,ctx_rh_S_front_sup
42,AIR15,15.844,53.923,20.801,18.02786617908353,40.55513634868231,46.018445271115624,AIR,15,native_t1_scanner_ras_to_freesurfer_tkr_ras,provisional,not_reviewed,ctx-rh-superiorfrontal,ctx_rh_S_front_sup
42,AR1,7.968,18.167,-27.076,10.151867074167328,4.7991406552596345,-1.8585547362194745,AR,1,native_t1_scanner_ras_to_freesurfer_tkr_ras,provisional,not_reviewed,Right-Hippocampus,Right-Hippocampus
42,AR2,10.94,18.287,-27.283,13.123866719681956,4.919140641320325,-2.0655547334515916,AR,2,native_t1_scanner_ras_to_freesurfer_tkr_ras,provisional,not_reviewed,Right-Amygdala,Right-Amygdala
42,AR3,16.912,18.38,-27.808,19.0958660072732,5.012140631070395,-2.5905547278897245,AR,3,native_t1_scanner_ras_to_freesurfer_tkr_ras,provisional,not_reviewed,Right-Amygdala,Right-Amygdala
42,AR4,22.708,18.43,-28.165,24.89186531600265,5.06214062577979,-2.9475547224917875,AR,4,native_t1_scanner_ras_to_freesurfer_tkr_ras,provisional,not_reviewed,Right-Amygdala,Right-Amygdala
42,AR5,28.86,18.58,-28.794,31.043864582038125,5.212140608842304,-3.576554716762274,AR,5,native_t1_scanner_ras_to_freesurfer_tkr_ras,provisional,not_reviewed,Right-Amygdala,Right-Amygdala
42,AR6,34.779,18.614,-29.213,36.962863876047464,5.246140605523948,-3.995554711249781,AR,6,native_t1_scanner_ras_to_freesurfer_tkr_ras,provisional,not_reviewed,ctx-rh-superiortemporal,ctx_rh_S_circular_insula_inf
42,AR7,40.678,18.814,-29.806,42.86186317227529,5.446140582577726,-4.588554705755911,AR,7,native_t1_scanner_ras_to_freesurfer_tkr_ras,provisional,not_reviewed,ctx-rh-superiortemporal,ctx_rh_S_temporal_sup
42,AR8,46.48,19.038,-30.143,48.66386248030433,5.670140556526434,-4.925554700352393,AR,8,native_t1_scanner_ras_to_freesurfer_tkr_ras,provisional,not_reviewed,ctx-rh-middletemporal,ctx_rh_G_temporal_middle
42,AR9,52.496,19.382,-30.778,54.679861762542444,6.014140516460003,-5.560554694749555,AR,9,native_t1_scanner_ras_to_freesurfer_tkr_ras,provisional,not_reviewed,ctx-rh-middletemporal,ctx_rh_G_temporal_middle
42,ATR1,32.429,-21.622,-3.15,34.61286418134057,-34.9898546223815,22.067445286561608,ATR,1,native_t1_scanner_ras_to_freesurfer_tkr_ras,provisional,not_reviewed,ctx-rh-middletemporal,ctx_rh_S_temporal_inf
42,ATR2,35.847,-22.066,-3.354,38.030863773702976,-35.43385456906364,21.863445289744874,ATR,2,native_t1_scanner_ras_to_freesurfer_tkr_ras,provisional,not_reviewed,ctx-rh-middletemporal,ctx_rh_S_temporal_inf
42,ATR3,39.264,-22.487,-2.445,41.44786336722065,-35.85485451952421,22.772445292927202,ATR,3,native_t1_scanner_ras_to_freesurfer_tkr_ras,provisional,not_reviewed,ctx-rh-middletemporal,ctx_rh_G_temporal_middle
42,ATR4,43.17,-23.352,-1.742,45.35386290226282,-36.719854416835545,23.475445296564942,ATR,4,native_t1_scanner_ras_to_freesurfer_tkr_ras,provisional,not_reviewed,ctx-rh-middletemporal,ctx_rh_G_temporal_middle
42,ATR5,46.099,-23.796,-1.946,48.282862552918544,-37.16385436354615,23.271445299292793,ATR,5,native_t1_scanner_ras_to_freesurfer_tkr_ras,provisional,not_reviewed,ctx-rh-middletemporal,ctx_rh_G_temporal_middle
42,ATR6,49.517,-24.66,-1.242,51.70086214613576,-38.02785426100603,23.975445302476047,ATR,6,native_t1_scanner_ras_to_freesurfer_tkr_ras,provisional,not_reviewed,ctx-rh-middletemporal,ctx_rh_G_temporal_middle
42,ATR7,53.423,-25.525,-0.539,55.60686168117792,-38.89285415831736,24.678445306113787,ATR,7,native_t1_scanner_ras_to_freesurfer_tkr_ras,provisional,not_reviewed,ctx-rh-middletemporal,ctx_rh_G_temporal_middle
42,ATR8,56.84,-25.946,0.37,59.023861274695605,-39.313854108777946,25.587445309296115,ATR,8,native_t1_scanner_ras_to_freesurfer_tkr_ras,provisional,not_reviewed,ctx-rh-middletemporal,ctx_rh_G_temporal_middle
42,IPR1,30.005,18.035,-16.747,32.188864456775036,4.667140662658369,8.470445284304077,IPR,1,native_t1_scanner_ras_to_freesurfer_tkr_ras,provisional,not_reviewed,ctx-rh-insula,ctx_rh_G_Ins_lg_and_S_cent_ins
42,IPR2,29.027,16.775,-14.025,31.210864575924276,3.4071408102700502,11.192445283393255,IPR,2,native_t1_scanner_ras_to_freesurfer_tkr_ras,provisional,not_reviewed,Right-Putamen,Right-Putamen
42,IPR3,28.049,15.095,-10.395,30.232864695928313,1.7271410071040236,14.82244528248242,IPR,3,native_t1_scanner_ras_to_freesurfer_tkr_ras,provisional,not_reviewed,Right-Putamen,Right-Putamen
42,IPR4,27.559,14.278,-7.468,29.742864757084675,0.9101411017435055,17.749445282026073,IPR,4,native_t1_scanner_ras_to_freesurfer_tkr_ras,provisional,not_reviewed,Right-Putamen,Right-Putamen
42,IPR5,26.581,13.018,-4.746,28.7648648762339,-0.349858750644799,20.471445281115237,IPR,5,native_t1_scanner_ras_to_freesurfer_tkr_ras,provisional,not_reviewed,Right-Putamen,Right-Putamen
42,IPR6,25.603,11.337,-1.117,27.786864996237043,-2.030858553690706,24.100445280204397,IPR,6,native_t1_scanner_ras_to_freesurfer_tkr_ras,provisional,not_reviewed,Right-Putamen,Right-Putamen
42,IPR7,24.625,10.077,1.605,26.808865115386283,-3.2908584060790105,26.822445279293575,IPR,7,native_t1_scanner_ras_to_freesurfer_tkr_ras,provisional,not_reviewed,Right-Putamen,Right-Putamen
42,IPR8,23.647,8.397,5.235,25.83086523539032,-4.970858209245051,30.45244527838274,IPR,8,native_t1_scanner_ras_to_freesurfer_tkr_ras,provisional,not_reviewed,ctx-rh-insula,ctx_rh_Lat_Fis-post
42,IPR9,22.669,7.58,8.162,24.852865354720805,-5.787858114633991,33.3794452774719,IPR,9,native_t1_scanner_ras_to_freesurfer_tkr_ras,provisional,not_reviewed,ctx-rh-insula,ctx_rh_Lat_Fis-post
42,IPR10,21.691,5.899,11.791,23.874865474723947,-7.468857917679884,37.008445276561076,IPR,10,native_t1_scanner_ras_to_freesurfer_tkr_ras,provisional,not_reviewed,ctx-rh-insula,ctx_rh_Lat_Fis-post
42,IPR11,21.201,4.639,14.514,23.384865535699987,-8.728857770040719,39.73144527610472,IPR,11,native_t1_scanner_ras_to_freesurfer_tkr_ras,provisional,not_reviewed,Right-Caudate,Right-Caudate
42,IPR12,19.735,3.379,17.235,21.9188657130224,-9.988857622456493,42.452445274739404,IPR,12,native_t1_scanner_ras_to_freesurfer_tkr_ras,provisional,not_reviewed,Right-Caudate,Right-Caudate
42,IPR13,19.245,1.698,20.865,21.42886577485234,-11.669857425474916,46.08244527428306,IPR,13,native_t1_scanner_ras_to_freesurfer_tkr_ras,provisional,not_reviewed,Right-Caudate,Right-Caudate
42,IPR14,18.267,0.881,23.792,20.450865894182826,-12.486857330863842,49.00944527337222,IPR,14,native_t1_scanner_ras_to_freesurfer_tkr_ras,provisional,not_reviewed,Unknown,Unknown
42,IPR15,17.777,-0.379,26.515,19.960865955158866,-13.746857183224677,51.73244527291587,IPR,15,native_t1_scanner_ras_to_freesurfer_tkr_ras,provisional,not_reviewed,ctx-rh-postcentral,ctx_rh_S_postcentral
42,LPR1,11.914,-24.747,15.229,14.097866644103846,-38.11485426816341,40.44644526745553,LPR,1,native_t1_scanner_ras_to_freesurfer_tkr_ras,provisional,not_reviewed,ctx-rh-precuneus,ctx_rh_S_parieto_occipital
42,LPR2,13.377,-26.894,17.541,15.560866471900766,-40.261854014289156,42.75844526881805,LPR,2,native_t1_scanner_ras_to_freesurfer_tkr_ras,provisional,not_reviewed,ctx-rh-cuneus,ctx_rh_S_parieto_occipital
42,LPR3,14.352,-29.484,19.648,16.53586635769055,-42.851853707442686,44.865445269726095,LPR,3,native_t1_scanner_ras_to_freesurfer_tkr_ras,provisional,not_reviewed,ctx-rh-cuneus,ctx_rh_S_parieto_occipital
42,LPR4,15.815,-32.075,21.756,17.998866185307165,-45.442853400449536,46.97344527108862,LPR,4,native_t1_scanner_ras_to_freesurfer_tkr_ras,provisional,not_reviewed,ctx-rh-cuneus,ctx_rh_S_parieto_occipital
42,LPR5,16.79,-33.779,24.273,18.973866071459454,-47.14685319960431,49.49044527199666,LPR,5,native_t1_scanner_ras_to_freesurfer_tkr_ras,provisional,not_reviewed,ctx-rh-superiorparietal,ctx_rh_S_oc_sup_and_transversal
42,LPR6,18.253,-37.232,27.083,20.436865899748668,-50.59985279050653,52.30044527335917,LPR,6,native_t1_scanner_ras_to_freesurfer_tkr_ras,provisional,not_reviewed,ctx-rh-superiorparietal,ctx_rh_S_oc_sup_and_transversal
42,LPR7,19.716,-39.379,29.395,21.89986572754559,-52.746852536632275,54.61244527472171,LPR,7,native_t1_scanner_ras_to_freesurfer_tkr_ras,provisional,not_reviewed,ctx-rh-superiorparietal,ctx_rh_S_oc_sup_and_transversal
42,LPR8,20.692,-41.526,31.708,22.875865613398346,-54.89385228278731,56.92544527563068,LPR,8,native_t1_scanner_ras_to_freesurfer_tkr_ras,provisional,not_reviewed,ctx-rh-superiorparietal,ctx_rh_G_occipital_sup
42,LPR9,21.666,-44.559,33.61,23.849865499126082,-57.926851922940244,58.82744527653779,LPR,9,native_t1_scanner_ras_to_freesurfer_tkr_ras,provisional,not_reviewed,ctx-rh-inferiorparietal,ctx_rh_G_pariet_inf-Angular
42,LPR10,23.13,-46.707,35.922,25.313865326803807,-60.074851668946735,61.139445277901245,LPR,10,native_t1_scanner_ras_to_freesurfer_tkr_ras,provisional,not_reviewed,ctx-rh-inferiorparietal,ctx_rh_G_pariet_inf-Angular
42,PCR1,-3.219,-11.098,17.133,-1.0351315504268825,-24.465855897904916,42.350445253361826,PCR,1,native_t1_scanner_ras_to_freesurfer_tkr_ras,provisional,not_reviewed,ctx-lh-isthmuscingulate,ctx_lh_G_cingul-Post-dorsal
42,PCR2,-0.779,-12.382,18.744,1.4048681602308761,-25.749855746198534,43.96144525563426,PCR,2,native_t1_scanner_ras_to_freesurfer_tkr_ras,provisional,not_reviewed,ctx-rh-isthmuscingulate,ctx_rh_G_cingul-Post-dorsal
42,PCR3,2.638,-13.667,20.355,4.821867754421191,-27.034855594316085,45.572445258816586,PCR,3,native_t1_scanner_ras_to_freesurfer_tkr_ras,provisional,not_reviewed,ctx-rh-isthmuscingulate,ctx_rh_G_cingul-Post-dorsal
42,PCR4,6.055,-15.395,21.76,8.238867348429324,-28.762855389432076,46.97744526199891,PCR,4,native_t1_scanner_ras_to_freesurfer_tkr_ras,provisional,not_reviewed,ctx-rh-isthmuscingulate,ctx_rh_S_subparietal
42,PCR5,8.007,-16.235,23.576,10.190867117442437,-29.602855290873933,48.79344526381685,PCR,5,native_t1_scanner_ras_to_freesurfer_tkr_ras,provisional,not_reviewed,ctx-rh-precuneus,ctx_rh_S_subparietal
42,PCR6,11.424,-17.963,24.982,13.607866711451493,-31.330855085990862,50.19944526699918,PCR,6,native_t1_scanner_ras_to_freesurfer_tkr_ras,provisional,not_reviewed,ctx-rh-precuneus,ctx_rh_S_subparietal
42,PCR7,14.353,-18.804,26.797,16.53686636399624,-32.17185498725571,52.01444526972702,PCR,7,native_t1_scanner_ras_to_freesurfer_tkr_ras,provisional,not_reviewed,ctx-rh-precuneus,ctx_rh_S_subparietal
42,PCR8,17.282,-20.112,27.296,19.46586601532556,-33.47985483162422,52.513445272454874,PCR,8,native_t1_scanner_ras_to_freesurfer_tkr_ras,provisional,not_reviewed,ctx-rh-precuneus,ctx_rh_S_parieto_occipital
42,PCR9,20.211,-20.953,29.111,22.39486566787029,-34.320854732889075,54.328445275182716,PCR,9,native_t1_scanner_ras_to_freesurfer_tkr_ras,provisional,not_reviewed,ctx-rh-superiorparietal,ctx_rh_S_intrapariet_and_P_trans
42,PCR10,23.628,-22.681,30.517,25.811865261879348,-36.04885452800599,55.734445278365044,PCR,10,native_t1_scanner_ras_to_freesurfer_tkr_ras,provisional,not_reviewed,ctx-rh-inferiorparietal,ctx_rh_S_intrapariet_and_P_trans
42,PCR11,26.557,-23.965,32.128,28.740864914243772,-37.33285437627116,57.34544528109288,PCR,11,native_t1_scanner_ras_to_freesurfer_tkr_ras,provisional,not_reviewed,ctx-rh-inferiorparietal,ctx_rh_S_temporal_sup
42,PCR12,28.509,-25.249,33.738,30.69286468307473,-38.61685422459226,58.95544528291083,PCR,12,native_t1_scanner_ras_to_freesurfer_tkr_ras,provisional,not_reviewed,ctx-rh-inferiorparietal,ctx_rh_S_temporal_sup
42,PCR13,32.414,-26.534,35.349,34.59786421909092,-39.9018540726814,60.56644528654763,PCR,13,native_t1_scanner_ras_to_freesurfer_tkr_ras,provisional,not_reviewed,ctx-rh-inferiorparietal,ctx_rh_S_temporal_sup
42,PCR14,34.855,-27.398,36.052,37.038863928774646,-40.76585397019721,61.269445288821004,PCR,14,native_t1_scanner_ras_to_freesurfer_tkr_ras,provisional,not_reviewed,ctx-rh-inferiorparietal,ctx_rh_S_temporal_sup
42,PCR15,37.784,-28.682,37.663,39.96786358113907,-42.04985381846237,62.88044529154884,PCR,15,native_t1_scanner_ras_to_freesurfer_tkr_ras,provisional,not_reviewed,ctx-rh-inferiorparietal,ctx_rh_G_pariet_inf-Angular
42,PHR1,19.255,-4.306,-14.975,21.43886574041271,-17.673856676363243,10.242445274292365,PHR,1,native_t1_scanner_ras_to_freesurfer_tkr_ras,provisional,not_reviewed,Right-Hippocampus,Right-Hippocampus
42,PHR2,22.184,-5.171,-14.272,24.36786539192235,-18.53885657373145,10.945445277020212,PHR,2,native_t1_scanner_ras_to_freesurfer_tkr_ras,provisional,not_reviewed,Right-Hippocampus,Right-Hippocampus
42,PHR3,27.924,-5.885,-14.008,30.10786470792256,-19.252856488527797,11.209445282366005,PHR,3,native_t1_scanner_ras_to_freesurfer_tkr_ras,provisional,not_reviewed,Right-Hippocampus,Right-Hippocampus
42,PHR4,33.636,-6.893,-13.46,35.81986402753154,-20.26085636854272,11.757445287685712,PHR,4,native_t1_scanner_ras_to_freesurfer_tkr_ras,provisional,not_reviewed,Right-Hippocampus,Right-Hippocampus
42,PHR5,39.447,-7.855,-12.935,41.63086333531639,-21.222856254014104,12.282445293097624,PHR,5,native_t1_scanner_ras_to_freesurfer_tkr_ras,provisional,not_reviewed,ctx-rh-middletemporal,ctx_rh_S_temporal_sup
42,PHR6,45.522,-8.837,-12.376,47.70586261166207,-22.204856137117588,12.841445298755417,PHR,6,native_t1_scanner_ras_to_freesurfer_tkr_ras,provisional,not_reviewed,ctx-rh-middletemporal,ctx_rh_S_temporal_sup
42,PHR7,51.271,-9.846,-11.739,53.45486192694324,-23.213856017094045,13.478445304109584,PHR,7,native_t1_scanner_ras_to_freesurfer_tkr_ras,provisional,not_reviewed,ctx-rh-middletemporal,ctx_rh_S_temporal_inf
42,PHR8,57.222,-10.766,-11.161,59.405861218087225,-24.133855907613423,14.056445309651892,PHR,8,native_t1_scanner_ras_to_freesurfer_tkr_ras,provisional,not_reviewed,ctx-rh-middletemporal,ctx_rh_G_temporal_middle
42,PHR9,63.196,-11.693,-10.66,65.37986050641784,-25.060855797225287,14.557445315215602,PHR,9,native_t1_scanner_ras_to_freesurfer_tkr_ras,provisional,not_reviewed,ctx-rh-middletemporal,ctx_rh_G_temporal_middle
42,SMR1,29.011,-2.805,15.479,31.19486460573674,-16.172856883090986,40.69644528337835,SMR,1,native_t1_scanner_ras_to_freesurfer_tkr_ras,provisional,not_reviewed,ctx-rh-supramarginal,ctx_rh_Lat_Fis-post
42,SMR2,31.451,-4.066,18.202,33.63486431742963,-17.433856735162067,43.41944528565078,SMR,2,native_t1_scanner_ras_to_freesurfer_tkr_ras,provisional,not_reviewed,ctx-rh-supramarginal,ctx_rh_Lat_Fis-post
42,SMR3,32.915,-4.907,20.018,35.0988641446169,-18.27485663651312,45.23544528701423,SMR,3,native_t1_scanner_ras_to_freesurfer_tkr_ras,provisional,not_reviewed,ctx-rh-supramarginal,ctx_rh_Lat_Fis-post
42,SMR4,35.355,-6.168,22.741,37.538863856309774,-19.5358564885842,47.95844528928666,SMR,4,native_t1_scanner_ras_to_freesurfer_tkr_ras,provisional,not_reviewed,ctx-rh-supramarginal,ctx_rh_Lat_Fis-post
42,SMR5,37.795,-6.986,25.669,39.978863568183925,-20.35385639365589,50.886445291559085,SMR,5,native_t1_scanner_ras_to_freesurfer_tkr_ras,provisional,not_reviewed,ctx-rh-supramarginal,ctx_rh_G_temp_sup-Plan_tempo
42,SMR6,40.235,-8.248,28.392,42.41886327987683,-21.615856245607745,53.60944529383151,SMR,6,native_t1_scanner_ras_to_freesurfer_tkr_ras,provisional,not_reviewed,ctx-rh-supramarginal,ctx_rh_G_temp_sup-Plan_tempo
42,SMR7,42.675,-9.509,31.115,44.85886299156971,-22.876856097678825,56.33244529610394,SMR,7,native_t1_scanner_ras_to_freesurfer_tkr_ras,provisional,not_reviewed,ctx-rh-supramarginal,ctx_rh_G_pariet_inf-Supramar
42,SMR8,44.627,-10.77,33.838,46.81086276143671,-24.1378559497783,59.05544529792188,SMR,8,native_t1_scanner_ras_to_freesurfer_tkr_ras,provisional,not_reviewed,ctx-rh-supramarginal,ctx_rh_G_pariet_inf-Supramar
42,SMR9,46.579,-11.611,35.654,48.76286253044985,-24.97885585110096,60.87144529973983,SMR,9,native_t1_scanner_ras_to_freesurfer_tkr_ras,provisional,not_reviewed,ctx-rh-supramarginal,ctx_rh_G_pariet_inf-Supramar
42,SMR10,49.019,-12.429,38.582,51.20286224232399,-25.796855756172647,63.79944530201226,SMR,10,native_t1_scanner_ras_to_freesurfer_tkr_ras,provisional,not_reviewed,ctx-rh-supramarginal,ctx_rh_G_pariet_inf-Supramar
42,SPR1,-2.737,-21.457,25.561,-0.553131599810456,-34.824854670837155,50.77844525381073,SPR,1,native_t1_scanner_ras_to_freesurfer_tkr_ras,provisional,not_reviewed,ctx-lh-precuneus,ctx_lh_G_cingul-Post-dorsal
42,SPR2,-2.739,-22.275,28.488,-0.555131596828204,-35.64285457605007,53.70544525380886,SPR,2,native_t1_scanner_ras_to_freesurfer_tkr_ras,provisional,not_reviewed,ctx-lh-precuneus,ctx_lh_G_cingul-Post-dorsal
42,SPR3,-1.764,-23.956,32.118,0.4198682903601565,-37.32385437898323,57.3354452547169,SPR,3,native_t1_scanner_ras_to_freesurfer_tkr_ras,provisional,not_reviewed,ctx-rh-precuneus,ctx_rh_G_precuneus
42,SPR4,-1.277,-25.637,35.748,0.9068682357226265,-39.00485418194479,60.96544525517045,SPR,4,native_t1_scanner_ras_to_freesurfer_tkr_ras,provisional,not_reviewed,ctx-rh-precuneus,ctx_rh_G_precuneus
42,SPR5,-0.79,-26.897,38.471,1.393868180231209,-40.26485403424874,63.688445255624,SPR,5,native_t1_scanner_ras_to_freesurfer_tkr_ras,provisional,not_reviewed,ctx-rh-precuneus,ctx_rh_G_precuneus
42,SPR6,-0.303,-27.715,41.398,1.8808681249201271,-41.08285393943319,66.61544525607756,SPR,6,native_t1_scanner_ras_to_freesurfer_tkr_ras,provisional,not_reviewed,ctx-rh-precuneus,ctx_rh_G_precuneus
42,SPR7,0.183,-29.396,45.028,2.3668680704018072,-42.763853742394815,70.24544525653019,SPR,7,native_t1_scanner_ras_to_freesurfer_tkr_ras,provisional,not_reviewed,ctx-rh-precuneus,ctx_rh_G_precuneus
42,SPR8,1.159,-30.657,47.751,3.34286795661707,-44.024853594551104,72.96844525743916,SPR,8,native_t1_scanner_ras_to_freesurfer_tkr_ras,provisional,not_reviewed,ctx-rh-precuneus,ctx_rh_G_precuneus
42,SPR9,2.133,-31.894,51.586,4.316867844105857,-45.26185345060415,76.80344525834627,SPR,9,native_t1_scanner_ras_to_freesurfer_tkr_ras,provisional,not_reviewed,ctx-rh-superiorparietal,ctx_rh_G_precuneus
42,SPR10,2.62,-33.155,54.309,4.803867788614468,-46.52285330278889,79.52644525879981,SPR,10,native_t1_scanner_ras_to_freesurfer_tkr_ras,provisional,not_reviewed,ctx-rh-superiorparietal,ctx_rh_G_parietal_sup
42,SPR11,3.107,-34.416,57.031,5.290867733122127,-47.783853154972704,82.24844525925337,SPR,11,native_t1_scanner_ras_to_freesurfer_tkr_ras,provisional,not_reviewed,ctx-rh-superiorparietal,ctx_rh_G_parietal_sup
42,SPR12,4.082,-36.097,60.661,6.265867620310473,-49.464852957905876,85.87844526016141,SPR,12,native_t1_scanner_ras_to_freesurfer_tkr_ras,provisional,not_reviewed,ctx-rh-superiorparietal,ctx_rh_G_parietal_sup
